,date,PSQ,MixHgt,10xKz,U*,Zo,Zterr,Kh,10mWSPD,DSWF,SFCP,RH2m,T02m,Density,Cld,u10m,v10m,WDIR,latitude,longitude,met
0,2021-07-17 00:00:00,D,203.6,279.2,0.2194,0.2,13.88,1077.0,1.064,46.21,1015.0,0.0,303.6,1.152,-100.0,0.7556,0.7492,225.2,40.7,-73.93,AWRF
1,2021-07-17 01:00:00,D,109.6,123.3,0.1511,0.2,13.88,301.9,0.602,0.0,1015.0,0.0,302.9,1.154,-100.0,0.5142,0.3131,238.7,40.7,-73.93,AWRF
2,2021-07-17 02:00:00,D,91.29,115.7,0.1322,0.2,13.88,274.0,0.5782,0.0,1015.0,0.0,302.0,1.157,-100.0,0.2751,0.5086,208.4,40.7,-73.93,AWRF
3,2021-07-17 03:00:00,D,70.05,127.8,0.1346,0.2,13.89,298.3,0.6292,0.0,1015.0,0.0,301.0,1.161,-100.0,0.107,0.6201,189.8,40.7,-73.93,AWRF
4,2021-07-17 04:00:00,D,70.67,111.2,0.1298,0.2,13.88,208.8,0.5446,0.0,1015.0,0.0,300.4,1.163,-100.0,0.331,0.4325,217.4,40.7,-73.93,AWRF
5,2021-07-17 05:00:00,D,71.28,127.8,0.1469,0.2,13.86,234.9,0.7537,0.0,1015.0,0.0,299.9,1.165,-100.0,0.7314,0.1818,256.0,40.7,-73.93,AWRF
6,2021-07-17 06:00:00,D,71.53,114.3,0.1602,0.2,13.85,248.3,1.013,0.0,1015.0,0.0,299.7,1.166,-100.0,1.009,-0.08472,274.8,40.7,-73.93,AWRF
7,2021-07-17 07:00:00,D,51.05,113.2,0.16,0.2,13.85,196.6,1.025,0.0,1014.0,0.0,299.2,1.168,-100.0,1.006,-0.195,281.0,40.7,-73.93,AWRF
8,2021-07-17 08:00:00,D,50.12,114.9,0.1468,0.2,13.86,148.5,0.7868,0.0,1016.0,0.0,298.7,1.171,-100.0,0.7422,-0.2611,289.4,40.7,-73.93,AWRF
9,2021-07-17 09:00:00,E,50.3,71.46,0.1122,0.2,13.88,152.8,0.2588,0.003527,1015.0,0.0,298.5,1.171,-100.0,0.2495,-0.06854,285.4,40.7,-73.93,AWRF
10,2021-07-17 10:00:00,E,50.76,68.54,0.09753,0.2,13.89,150.6,0.02919,2.441,1016.0,0.0,298.5,1.172,-100.0,-0.02733,0.01027,110.6,40.7,-73.93,AWRF
11,2021-07-17 11:00:00,D,97.15,191.3,0.157,0.2,13.9,470.4,0.4776,137.1,1017.0,0.0,299.1,1.171,-100.0,-0.4085,-0.2475,58.79,40.7,-73.93,AWRF
12,2021-07-17 12:00:00,C,196.9,435.0,0.2431,0.2,13.92,1736.0,0.9352,319.6,1017.0,0.0,300.0,1.167,-100.0,-0.8738,-0.3333,69.12,40.7,-73.93,AWRF
13,2021-07-17 13:00:00,C,263.3,583.2,0.2711,0.2,13.92,3121.0,0.8139,506.8,1018.0,0.0,301.2,1.163,-100.0,-0.8137,0.0153,91.08,40.7,-73.93,AWRF
14,2021-07-17 14:00:00,C,466.4,820.1,0.3257,0.2,13.91,6169.0,0.9095,674.3,1018.0,0.0,302.8,1.158,-100.0,-0.4485,0.7912,150.5,40.7,-73.93,AWRF
15,2021-07-17 15:00:00,B,912.7,1154.0,0.4252,0.2,13.9,12530.0,1.603,809.4,1018.0,0.0,304.1,1.152,-100.0,0.07187,1.602,182.6,40.7,-73.93,AWRF
16,2021-07-17 16:00:00,A,1014.0,1376.0,0.5065,0.2,13.91,15320.0,2.451,845.4,1017.0,0.0,304.7,1.151,-100.0,-0.09468,2.449,177.8,40.7,-73.93,AWRF
17,2021-07-17 17:00:00,A,856.5,1575.0,0.605,0.2,13.93,14600.0,3.49,822.7,1016.0,0.0,304.9,1.149,-100.0,-0.3584,3.471,174.1,40.7,-73.93,AWRF
18,2021-07-17 18:00:00,A,1034.0,1818.0,0.7058,0.2,13.95,17560.0,4.484,818.3,1016.0,0.0,305.2,1.149,-100.0,-0.6926,4.43,171.1,40.7,-73.93,AWRF
19,2021-07-17 19:00:00,A,937.6,1856.0,0.7113,0.2,13.94,16800.0,4.469,811.0,1016.0,0.0,304.7,1.148,-100.0,-0.5065,4.44,173.5,40.7,-73.93,AWRF
20,2021-07-17 20:00:00,A,918.7,1587.0,0.6303,0.2,13.94,14820.0,3.717,648.6,1016.0,0.0,304.2,1.151,-100.0,-0.5225,3.68,171.9,40.7,-73.93,AWRF
21,2021-07-17 21:00:00,B,627.4,1239.0,0.4559,0.2,13.92,10160.0,2.205,519.4,1015.0,0.0,302.6,1.156,-100.0,-0.5275,2.141,166.2,40.7,-73.93,AWRF
22,2021-07-17 22:00:00,B,594.7,988.5,0.3822,0.2,13.91,8057.0,1.546,374.5,1015.0,0.0,302.2,1.157,-100.0,-0.503,1.461,161.0,40.7,-73.93,AWRF
0,2021-07-18 00:00:00,C,247.0,458.5,0.2429,0.2,13.89,2160.0,0.8544,40.13,1015.0,0.0,300.8,1.162,-100.0,0.4302,0.7382,210.2,40.7,-73.93,AWRF
1,2021-07-18 01:00:00,D,159.8,289.2,0.1875,0.2,13.89,1156.0,0.5059,0.0,1015.0,0.0,300.1,1.165,-100.0,0.2396,0.4456,208.3,40.7,-73.93,AWRF
2,2021-07-18 02:00:00,D,159.2,295.7,0.1991,0.2,13.9,1170.0,0.5368,0.0,1015.0,0.0,299.1,1.169,-100.0,-0.3153,0.4345,144.0,40.7,-73.93,AWRF
3,2021-07-18 03:00:00,D,116.1,280.4,0.185,0.2,13.9,919.8,0.4146,0.0,1015.0,0.0,298.2,1.173,-100.0,-0.2436,0.3355,144.0,40.7,-73.93,AWRF
4,2021-07-18 04:00:00,D,137.9,292.3,0.1986,0.2,13.9,954.5,0.6309,0.0,1015.0,0.0,297.8,1.175,-100.0,-0.3405,0.5311,147.3,40.7,-73.93,AWRF
5,2021-07-18 05:00:00,D,131.5,298.8,0.2305,0.2,13.91,851.5,1.162,0.0,1016.0,0.0,297.8,1.176,-100.0,-0.3255,1.115,163.7,40.7,-73.93,AWRF
6,2021-07-18 06:00:00,D,133.3,361.9,0.29,0.2,13.9,943.0,1.805,0.0,1015.0,0.0,297.1,1.177,-100.0,0.1693,1.797,185.4,40.7,-73.93,AWRF
7,2021-07-18 07:00:00,D,133.2,339.6,0.3034,0.2,13.9,818.2,2.023,0.0,1014.0,0.0,297.0,1.177,-100.0,0.2669,2.005,187.6,40.7,-73.93,AWRF
8,2021-07-18 08:00:00,D,99.96,304.7,0.3123,0.2,13.89,527.2,2.245,0.0,1014.0,0.0,297.1,1.176,-100.0,0.6477,2.149,196.8,40.7,-73.93,AWRF
9,2021-07-18 09:00:00,D,97.95,340.8,0.3528,0.2,13.86,507.4,2.717,0.001789,1013.0,0.0,296.9,1.176,-100.0,1.386,2.337,210.7,40.7,-73.93,AWRF
10,2021-07-18 10:00:00,D,103.2,304.7,0.3438,0.2,13.87,1030.0,2.788,2.286,1014.0,0.0,297.0,1.177,-100.0,1.308,2.462,208.0,40.7,-73.93,AWRF
11,2021-07-18 11:00:00,C,159.7,461.7,0.3803,0.2,13.87,1133.0,2.731,133.8,1014.0,0.0,297.5,1.175,-100.0,1.156,2.475,205.0,40.7,-73.93,AWRF
12,2021-07-18 12:00:00,C,257.0,712.5,0.4181,0.2,13.87,2861.0,2.59,315.2,1015.0,0.0,298.0,1.175,-100.0,1.152,2.32,206.4,40.7,-73.93,AWRF
13,2021-07-18 13:00:00,B,331.6,954.0,0.4639,0.2,13.86,4746.0,2.658,478.0,1016.0,0.0,298.9,1.172,-100.0,1.501,2.193,214.4,40.7,-73.93,AWRF
14,2021-07-18 14:00:00,B,703.8,964.5,0.5088,0.2,13.84,7274.0,3.221,403.2,1015.0,0.0,299.8,1.168,-100.0,1.94,2.572,217.0,40.7,-73.93,AWRF
15,2021-07-18 15:00:00,B,596.5,1045.0,0.5409,0.2,13.85,6526.0,3.552,469.7,1013.0,0.0,300.6,1.163,-100.0,1.946,2.972,213.2,40.7,-73.93,AWRF
16,2021-07-18 16:00:00,B,567.7,1204.0,0.588,0.2,13.86,7495.0,3.808,496.7,1014.0,0.0,301.1,1.162,-100.0,2.015,3.231,212.0,40.7,-73.93,AWRF
17,2021-07-18 17:00:00,A,801.7,1817.0,0.6869,0.2,13.84,15130.0,4.077,949.2,1014.0,0.0,301.8,1.16,-100.0,2.156,3.461,211.9,40.7,-73.93,AWRF
18,2021-07-18 18:00:00,A,808.4,1994.0,0.7345,0.2,13.83,16170.0,4.385,915.0,1013.0,0.0,302.1,1.158,-100.0,2.588,3.54,216.2,40.7,-73.93,AWRF
19,2021-07-18 19:00:00,A,1162.0,1980.0,0.7423,0.2,13.82,20060.0,4.481,815.8,1014.0,0.0,302.4,1.158,-100.0,2.977,3.349,221.6,40.7,-73.93,AWRF
20,2021-07-18 20:00:00,A,1007.0,1987.0,0.769,0.2,13.8,17530.0,4.811,753.9,1014.0,0.0,302.4,1.158,-100.0,3.578,3.216,228.1,40.7,-73.93,AWRF
21,2021-07-18 21:00:00,A,933.4,1794.0,0.7648,0.2,13.77,14100.0,5.22,519.6,1014.0,0.0,301.9,1.16,-100.0,4.409,2.795,237.6,40.7,-73.93,AWRF
22,2021-07-18 22:00:00,A,930.7,1467.0,0.71,0.2,13.76,11030.0,5.01,318.2,1013.0,0.0,301.6,1.161,-100.0,4.473,2.256,243.2,40.7,-73.93,AWRF
0,2021-07-19 00:00:00,B,721.0,970.0,0.6061,0.2,13.75,5521.0,4.695,55.66,1014.0,0.0,299.6,1.169,-100.0,4.651,0.6385,262.2,40.7,-73.93,AWRF
1,2021-07-19 01:00:00,C,693.5,761.7,0.5524,0.2,13.76,3881.0,4.373,0.0,1014.0,0.0,299.1,1.171,-100.0,4.372,-0.07174,270.9,40.7,-73.93,AWRF
2,2021-07-19 02:00:00,C,621.1,659.1,0.5246,0.2,13.75,2927.0,4.333,0.0,1014.0,0.0,298.4,1.173,-100.0,4.303,-0.5098,276.8,40.7,-73.93,AWRF
3,2021-07-19 03:00:00,C,515.9,637.0,0.5195,0.2,13.74,2524.0,4.361,0.0,1014.0,0.0,297.5,1.177,-100.0,4.329,-0.5196,276.8,40.7,-73.93,AWRF
4,2021-07-19 04:00:00,C,532.7,570.3,0.5012,0.2,13.75,1800.0,4.267,0.0,1014.0,0.0,297.1,1.179,-100.0,4.218,-0.6441,278.7,40.7,-73.93,AWRF
5,2021-07-19 05:00:00,C,525.9,535.8,0.49,0.2,13.75,1649.0,4.197,0.0,1014.0,0.0,296.7,1.18,-100.0,4.122,-0.787,280.8,40.7,-73.93,AWRF
6,2021-07-19 06:00:00,C,554.1,436.5,0.4367,0.2,13.76,1556.0,3.714,0.0,1014.0,0.0,296.4,1.182,-100.0,3.672,-0.5594,278.7,40.7,-73.93,AWRF
7,2021-07-19 07:00:00,D,390.7,314.8,0.3604,0.2,13.78,1626.0,3.091,0.0,1013.0,0.0,296.2,1.182,-100.0,3.069,-0.367,276.8,40.7,-73.93,AWRF
8,2021-07-19 08:00:00,D,327.8,303.9,0.359,0.2,13.78,1368.0,3.158,0.0,1013.0,0.0,296.0,1.182,-100.0,3.131,-0.4106,277.5,40.7,-73.93,AWRF
9,2021-07-19 09:00:00,D,437.2,268.1,0.3388,0.2,13.79,1237.0,2.953,0.0,1013.0,0.0,295.9,1.182,-100.0,2.931,-0.3652,277.1,40.7,-73.93,AWRF
10,2021-07-19 10:00:00,D,320.5,210.1,0.3012,0.2,13.8,814.6,2.672,2.202,1014.0,0.0,295.9,1.183,-100.0,2.64,-0.413,278.9,40.7,-73.93,AWRF
11,2021-07-19 11:00:00,C,457.8,442.0,0.385,0.2,13.8,2041.0,2.838,135.2,1014.0,0.0,296.2,1.182,-100.0,2.671,-0.9603,289.8,40.7,-73.93,AWRF
12,2021-07-19 12:00:00,C,635.7,755.0,0.453,0.2,13.8,5037.0,2.81,319.0,1014.0,0.0,296.7,1.182,-100.0,2.261,-1.668,306.4,40.7,-73.93,AWRF
13,2021-07-19 13:00:00,B,711.2,905.6,0.4855,0.2,13.81,6756.0,2.936,374.0,1014.0,0.0,297.2,1.179,-100.0,2.077,-2.075,315.0,40.7,-73.93,AWRF
14,2021-07-19 14:00:00,C,657.8,732.3,0.4635,0.2,13.81,4454.0,3.037,286.5,1014.0,0.0,297.9,1.176,-100.0,1.862,-2.4,322.2,40.7,-73.93,AWRF
15,2021-07-19 15:00:00,B,768.6,972.6,0.4883,0.2,13.81,7780.0,2.852,501.6,1014.0,0.0,298.6,1.174,-100.0,1.776,-2.232,321.5,40.7,-73.93,AWRF
16,2021-07-19 16:00:00,B,697.3,987.5,0.5002,0.2,13.8,7308.0,3.051,440.2,1013.0,0.0,299.1,1.171,-100.0,1.879,-2.404,322.0,40.7,-73.93,AWRF
17,2021-07-19 17:00:00,A,930.3,1584.0,0.5934,0.2,13.81,15000.0,3.117,899.8,1013.0,0.0,300.0,1.168,-100.0,1.702,-2.612,326.9,40.7,-73.93,AWRF
18,2021-07-19 18:00:00,B,719.1,1225.0,0.5175,0.2,13.82,10160.0,2.842,590.4,1013.0,0.0,299.5,1.169,-100.0,1.324,-2.514,332.2,40.7,-73.93,AWRF
19,2021-07-19 19:00:00,A,810.4,1509.0,0.5518,0.2,13.83,14010.0,2.684,824.3,1013.0,0.0,300.4,1.165,-100.0,1.214,-2.394,333.1,40.7,-73.93,AWRF
20,2021-07-19 20:00:00,B,803.5,1029.0,0.4688,0.2,13.84,9229.0,2.274,429.1,1013.0,0.0,301.3,1.161,-100.0,1.085,-1.998,331.5,40.7,-73.93,AWRF
21,2021-07-19 21:00:00,B,927.5,1199.0,0.4856,0.2,13.85,12180.0,1.953,601.1,1013.0,0.0,301.5,1.161,-100.0,0.6848,-1.829,339.5,40.7,-73.93,AWRF
22,2021-07-19 22:00:00,B,927.4,905.0,0.3949,0.2,13.87,9603.0,1.103,417.4,1014.0,0.0,301.6,1.161,-100.0,0.4619,-1.002,335.3,40.7,-73.93,AWRF
0,2021-07-29 00:00:00,C,494.7,602.3,0.3664,0.2,13.94,3932.0,2.21,41.31,1012.0,0.0,298.2,1.173,-100.0,-0.9852,1.979,153.5,40.7,-73.93,AWRF
1,2021-07-29 01:00:00,C,392.8,479.1,0.3499,0.2,13.95,2522.0,2.306,0.0,1012.0,0.0,297.4,1.176,-100.0,-1.031,2.063,153.4,40.7,-73.93,AWRF
2,2021-07-29 02:00:00,C,321.2,402.4,0.3295,0.2,13.94,1738.0,2.206,0.0,1012.0,0.0,296.8,1.179,-100.0,-0.7272,2.082,160.7,40.7,-73.93,AWRF
3,2021-07-29 03:00:00,D,252.7,375.6,0.3202,0.2,13.92,1330.0,2.175,0.0,1013.0,0.0,296.2,1.182,-100.0,-0.3994,2.138,169.4,40.7,-73.93,AWRF
4,2021-07-29 04:00:00,D,171.7,322.8,0.3018,0.2,13.92,840.2,2.079,0.0,1015.0,0.0,295.9,1.186,-100.0,-0.1911,2.07,174.7,40.7,-73.93,AWRF
5,2021-07-29 05:00:00,D,163.3,297.0,0.2902,0.2,13.91,754.6,2.011,0.0,1016.0,0.0,295.4,1.188,-100.0,0.04977,2.011,181.4,40.7,-73.93,AWRF
6,2021-07-29 06:00:00,D,165.7,296.9,0.3036,0.2,13.9,1158.0,2.19,0.0,1016.0,0.0,295.2,1.189,-100.0,0.4486,2.144,191.8,40.7,-73.93,AWRF
7,2021-07-29 07:00:00,D,138.0,290.3,0.3023,0.2,13.89,1042.0,2.257,0.0,1016.0,0.0,294.9,1.19,-100.0,0.6227,2.169,196.0,40.7,-73.93,AWRF
8,2021-07-29 08:00:00,D,142.3,307.5,0.3134,0.2,13.89,1089.0,2.348,0.0,1015.0,0.0,294.6,1.19,-100.0,0.6501,2.256,196.1,40.7,-73.93,AWRF
9,2021-07-29 09:00:00,D,171.6,277.8,0.316,0.2,13.89,1026.0,2.519,0.0,1015.0,0.0,294.7,1.19,-100.0,0.7634,2.4,197.6,40.7,-73.93,AWRF
10,2021-07-29 10:00:00,D,165.8,248.7,0.3027,0.2,13.89,911.2,2.474,1.802,1015.0,0.0,294.7,1.189,-100.0,0.7092,2.371,196.7,40.7,-73.93,AWRF
11,2021-07-29 11:00:00,C,169.5,424.6,0.3774,0.2,13.9,1006.0,2.791,111.3,1015.0,0.0,295.2,1.187,-100.0,0.5228,2.742,190.8,40.7,-73.93,AWRF
12,2021-07-29 12:00:00,C,357.5,768.7,0.489,0.2,13.91,3156.0,3.412,299.0,1013.0,0.0,296.3,1.181,-100.0,0.3342,3.396,185.6,40.7,-73.93,AWRF
13,2021-07-29 13:00:00,B,437.5,1118.0,0.5617,0.2,13.91,5714.0,3.707,491.7,1013.0,0.0,297.0,1.179,-100.0,0.3773,3.687,185.8,40.7,-73.93,AWRF
14,2021-07-29 14:00:00,A,608.8,1487.0,0.6523,0.2,13.92,9853.0,4.202,664.3,1014.0,0.0,298.0,1.176,-100.0,0.2629,4.194,183.6,40.7,-73.93,AWRF
15,2021-07-29 15:00:00,A,790.1,1799.0,0.7178,0.2,13.92,14030.0,4.581,795.7,1013.0,0.0,299.0,1.171,-100.0,0.1743,4.577,182.2,40.7,-73.93,AWRF
16,2021-07-29 16:00:00,A,729.8,2007.0,0.7619,0.2,13.93,14560.0,4.937,835.8,1014.0,0.0,299.3,1.171,-100.0,0.07087,4.936,180.8,40.7,-73.93,AWRF
17,2021-07-29 17:00:00,A,609.1,2137.0,0.8318,0.2,13.93,12450.0,5.582,729.1,1013.0,0.0,299.4,1.17,-100.0,0.0224,5.582,180.2,40.7,-73.93,AWRF
18,2021-07-29 18:00:00,A,570.2,2253.0,0.8807,0.2,13.95,11930.0,6.176,640.6,1012.0,0.0,299.3,1.169,-100.0,-0.2771,6.17,177.4,40.7,-73.93,AWRF
19,2021-07-29 19:00:00,A,783.4,2450.0,0.9137,0.2,13.96,16140.0,6.314,745.1,1012.0,0.0,299.4,1.167,-100.0,-0.4669,6.297,175.8,40.7,-73.93,AWRF
20,2021-07-29 20:00:00,A,536.8,1889.0,0.8273,0.2,13.96,9158.0,6.01,362.9,1010.0,0.0,299.1,1.167,-100.0,-0.6681,5.973,173.6,40.7,-73.93,AWRF
21,2021-07-29 21:00:00,A,484.3,1633.0,0.7818,0.2,13.97,7036.0,5.847,235.6,1010.0,0.0,298.7,1.167,-100.0,-0.8836,5.78,171.3,40.7,-73.93,AWRF
22,2021-07-29 22:00:00,B,391.4,1267.0,0.698,0.2,13.96,4558.0,5.338,124.8,1009.0,0.0,298.4,1.167,-100.0,-0.6249,5.302,173.3,40.7,-73.93,AWRF
0,2021-07-20 00:00:00,D,515.2,329.7,0.2194,0.2,13.88,2439.0,0.7149,59.74,1013.0,0.0,299.9,1.166,-100.0,0.6845,0.2064,253.2,40.7,-73.93,AWRF
1,2021-07-20 01:00:00,D,372.7,195.2,0.1872,0.2,13.88,1127.0,0.9919,0.0,1012.0,0.0,299.4,1.167,-100.0,0.5568,0.8209,214.1,40.7,-73.93,AWRF
2,2021-07-20 02:00:00,D,234.4,180.8,0.2054,0.2,13.88,714.4,1.304,0.0,1012.0,0.0,298.6,1.17,-100.0,0.7254,1.083,213.8,40.7,-73.93,AWRF
3,2021-07-20 03:00:00,D,154.2,219.9,0.2409,0.2,13.87,609.1,1.661,0.0,1011.0,0.0,297.7,1.173,-100.0,1.101,1.244,221.5,40.7,-73.93,AWRF
4,2021-07-20 04:00:00,D,129.6,185.8,0.2315,0.2,13.85,442.8,1.654,0.0,1012.0,0.0,297.3,1.175,-100.0,1.407,0.8709,238.2,40.7,-73.93,AWRF
5,2021-07-20 05:00:00,D,107.0,180.7,0.234,0.2,13.83,620.2,1.79,0.0,1012.0,0.0,296.9,1.176,-100.0,1.692,0.5833,251.0,40.7,-73.93,AWRF
6,2021-07-20 06:00:00,D,76.33,133.5,0.2214,0.2,13.83,445.6,1.874,0.0,1012.0,0.0,296.9,1.177,-100.0,1.837,0.3682,258.7,40.7,-73.93,AWRF
7,2021-07-20 07:00:00,D,73.67,137.6,0.2197,0.2,13.83,408.9,1.827,0.0,1012.0,0.0,296.5,1.177,-100.0,1.826,0.04657,268.5,40.7,-73.93,AWRF
8,2021-07-20 08:00:00,D,72.02,149.1,0.2182,0.2,13.82,395.8,1.745,0.0,1011.0,0.0,296.0,1.179,-100.0,1.735,-0.1856,276.1,40.7,-73.93,AWRF
9,2021-07-20 09:00:00,D,65.69,134.7,0.2197,0.2,13.82,348.3,1.863,0.0,1012.0,0.0,295.8,1.18,-100.0,1.833,-0.3356,280.4,40.7,-73.93,AWRF
10,2021-07-20 10:00:00,D,55.6,105.8,0.1918,0.2,13.83,191.6,1.672,2.169,1012.0,0.0,295.8,1.181,-100.0,1.641,-0.3218,281.1,40.7,-73.93,AWRF
11,2021-07-20 11:00:00,D,95.27,232.4,0.2307,0.2,13.84,484.2,1.501,133.2,1013.0,0.0,296.4,1.179,-100.0,1.426,-0.4695,288.2,40.7,-73.93,AWRF
12,2021-07-20 12:00:00,C,163.2,443.2,0.2709,0.2,13.84,1462.0,1.481,319.6,1012.0,0.0,297.7,1.174,-100.0,1.303,-0.7031,298.3,40.7,-73.93,AWRF
13,2021-07-20 13:00:00,C,261.3,704.4,0.318,0.2,13.84,3333.0,1.437,507.4,1012.0,0.0,298.7,1.169,-100.0,1.184,-0.8152,304.6,40.7,-73.93,AWRF
14,2021-07-20 14:00:00,B,466.2,936.1,0.3612,0.2,13.85,6611.0,1.304,680.9,1011.0,0.0,300.1,1.163,-100.0,1.221,-0.4577,290.5,40.7,-73.93,AWRF
15,2021-07-20 15:00:00,B,717.2,1173.0,0.4135,0.2,13.85,11030.0,1.296,817.2,1011.0,0.0,301.1,1.159,-100.0,1.296,0.02971,268.7,40.7,-73.93,AWRF
16,2021-07-20 16:00:00,A,909.9,1377.0,0.4637,0.2,13.84,14960.0,1.474,910.6,1010.0,0.0,302.0,1.154,-100.0,1.444,0.2929,258.5,40.7,-73.93,AWRF
17,2021-07-20 17:00:00,A,1173.0,1527.0,0.5092,0.2,13.85,19270.0,1.586,948.9,1010.0,0.0,303.0,1.15,-100.0,1.472,0.5909,248.1,40.7,-73.93,AWRF
18,2021-07-20 18:00:00,A,1194.0,1560.0,0.5135,0.2,13.85,19940.0,1.56,934.0,1010.0,0.0,303.7,1.147,-100.0,1.46,0.5507,249.3,40.7,-73.93,AWRF
19,2021-07-20 19:00:00,A,1364.0,1471.0,0.5076,0.2,13.86,20380.0,1.529,832.7,1010.0,0.0,303.9,1.146,-100.0,1.357,0.705,242.5,40.7,-73.93,AWRF
20,2021-07-20 20:00:00,B,1026.0,1016.0,0.4355,0.2,13.86,11500.0,1.967,429.4,1009.0,0.0,303.7,1.147,-100.0,1.465,1.312,228.2,40.7,-73.93,AWRF
21,2021-07-20 21:00:00,B,1026.0,1146.0,0.4626,0.2,13.85,12850.0,2.058,490.5,1009.0,0.0,303.5,1.147,-100.0,1.624,1.264,232.1,40.7,-73.93,AWRF
22,2021-07-20 22:00:00,B,1014.0,1071.0,0.4612,0.2,13.84,11660.0,2.154,405.5,1008.0,0.0,303.1,1.147,-100.0,1.749,1.256,234.3,40.7,-73.93,AWRF
0,2021-07-21 00:00:00,C,871.7,549.1,0.3715,0.2,13.84,4920.0,2.209,53.11,1009.0,0.0,301.9,1.152,-100.0,1.895,1.135,239.1,40.7,-73.93,AWRF
1,2021-07-21 01:00:00,D,654.1,356.9,0.3122,0.2,13.85,2506.0,2.006,0.0,1009.0,0.0,301.2,1.155,-100.0,1.713,1.043,238.7,40.7,-73.93,AWRF
2,2021-07-21 02:00:00,D,182.5,231.1,0.2384,0.2,13.86,743.6,1.611,0.0,1009.0,0.0,300.6,1.156,-100.0,1.248,1.018,230.8,40.7,-73.93,AWRF
3,2021-07-21 03:00:00,D,146.4,235.4,0.2553,0.2,13.85,609.5,1.817,0.0,1009.0,0.0,300.0,1.159,-100.0,1.447,1.099,232.8,40.7,-73.93,AWRF
4,2021-07-21 04:00:00,D,123.8,198.7,0.228,0.2,13.85,486.7,1.664,0.0,1009.0,0.0,299.4,1.162,-100.0,1.467,0.7856,241.8,40.7,-73.93,AWRF
5,2021-07-21 05:00:00,D,132.1,197.4,0.223,0.2,13.84,652.6,1.635,0.0,1010.0,0.0,298.7,1.164,-100.0,1.598,0.344,257.9,40.7,-73.93,AWRF
6,2021-07-21 06:00:00,D,102.1,193.4,0.2256,0.2,13.83,404.6,1.598,0.0,1010.0,0.0,298.4,1.166,-100.0,1.594,-0.1034,273.7,40.7,-73.93,AWRF
7,2021-07-21 07:00:00,D,102.3,182.0,0.2072,0.2,13.84,400.4,1.375,0.0,1009.0,0.0,297.8,1.168,-100.0,1.315,-0.4037,287.1,40.7,-73.93,AWRF
8,2021-07-21 08:00:00,D,99.96,202.2,0.2027,0.2,13.85,467.3,1.164,0.0,1009.0,0.0,297.2,1.171,-100.0,0.9962,-0.6025,301.2,40.7,-73.93,AWRF
9,2021-07-21 09:00:00,D,100.2,193.1,0.1757,0.2,13.87,463.2,0.6951,0.0,1008.0,0.0,296.5,1.173,-100.0,0.4793,-0.5034,316.4,40.7,-73.93,AWRF
10,2021-07-21 10:00:00,D,100.8,169.0,0.1803,0.2,13.86,397.8,0.8605,2.125,1008.0,0.0,296.4,1.175,-100.0,0.6007,-0.6162,315.7,40.7,-73.93,AWRF
11,2021-07-21 11:00:00,D,158.0,316.6,0.2441,0.2,13.86,1007.0,1.208,130.6,1009.0,0.0,296.9,1.173,-100.0,0.7646,-0.9352,320.7,40.7,-73.93,AWRF
12,2021-07-21 12:00:00,C,205.7,538.2,0.3039,0.2,13.85,2088.0,1.558,315.7,1010.0,0.0,298.0,1.171,-100.0,1.063,-1.14,317.0,40.7,-73.93,AWRF
13,2021-07-21 13:00:00,C,331.9,806.1,0.3665,0.2,13.85,4395.0,1.711,506.8,1011.0,0.0,299.0,1.168,-100.0,0.9951,-1.392,324.4,40.7,-73.93,AWRF
14,2021-07-21 14:00:00,B,591.6,1088.0,0.4305,0.2,13.85,8671.0,1.829,675.2,1012.0,0.0,300.2,1.164,-100.0,0.8225,-1.634,333.3,40.7,-73.93,AWRF
15,2021-07-21 15:00:00,A,908.8,1391.0,0.5052,0.2,13.84,14460.0,2.044,815.3,1011.0,0.0,300.9,1.161,-100.0,0.9589,-1.805,332.0,40.7,-73.93,AWRF
16,2021-07-21 16:00:00,A,917.3,1611.0,0.5465,0.2,13.84,16720.0,2.228,902.5,1011.0,0.0,301.1,1.16,-100.0,0.8416,-2.063,337.8,40.7,-73.93,AWRF
17,2021-07-21 17:00:00,A,828.0,1323.0,0.5351,0.2,13.85,12080.0,2.745,522.3,1010.0,0.0,300.9,1.16,-100.0,0.799,-2.626,343.1,40.7,-73.93,AWRF
18,2021-07-21 18:00:00,A,741.2,1748.0,0.5975,0.2,13.86,15280.0,2.977,845.2,1011.0,0.0,300.1,1.163,-100.0,0.178,-2.972,356.6,40.7,-73.93,AWRF
19,2021-07-21 19:00:00,A,806.4,1644.0,0.5656,0.2,13.85,15460.0,2.622,776.0,1010.0,0.0,300.3,1.162,-100.0,0.256,-2.609,354.4,40.7,-73.93,AWRF
20,2021-07-21 20:00:00,B,907.0,1112.0,0.4632,0.2,13.86,11160.0,1.936,405.8,1010.0,0.0,300.5,1.16,-100.0,0.758,-1.782,337.0,40.7,-73.93,AWRF
21,2021-07-21 21:00:00,B,841.0,1061.0,0.3067,0.2,13.88,11240.0,0.4986,541.6,1010.0,0.0,300.1,1.163,-100.0,0.4818,-0.1284,284.9,40.7,-73.93,AWRF
22,2021-07-21 22:00:00,B,998.4,952.3,0.3222,0.2,13.87,11190.0,0.6916,416.6,1010.0,0.0,300.2,1.163,-100.0,0.6897,0.05136,265.7,40.7,-73.93,AWRF
0,2021-07-22 00:00:00,C,699.4,630.8,0.4144,0.2,13.82,4671.0,2.566,37.13,1011.0,0.0,299.0,1.168,-100.0,1.972,-1.641,309.8,40.7,-73.93,AWRF
1,2021-07-22 01:00:00,C,577.4,527.7,0.4334,0.2,13.8,2695.0,3.114,0.0,1011.0,0.0,298.5,1.17,-100.0,1.982,-2.403,320.5,40.7,-73.93,AWRF
2,2021-07-22 02:00:00,C,409.7,543.6,0.4648,0.2,13.81,1863.0,3.593,0.0,1012.0,0.0,297.9,1.174,-100.0,1.816,-3.1,329.6,40.7,-73.93,AWRF
3,2021-07-22 03:00:00,C,298.2,532.2,0.4695,0.2,13.81,1452.0,3.795,0.0,1012.0,0.0,297.1,1.178,-100.0,1.415,-3.522,338.1,40.7,-73.93,AWRF
4,2021-07-22 04:00:00,C,212.0,474.6,0.4476,0.2,13.81,1068.0,3.712,0.0,1013.0,0.0,296.4,1.182,-100.0,1.438,-3.422,337.2,40.7,-73.93,AWRF
5,2021-07-22 05:00:00,C,191.0,473.4,0.4394,0.2,13.81,875.0,3.653,0.0,1014.0,0.0,295.5,1.186,-100.0,1.481,-3.34,336.1,40.7,-73.93,AWRF
6,2021-07-22 06:00:00,C,186.1,501.8,0.4485,0.2,13.81,939.4,3.709,0.0,1014.0,0.0,294.8,1.19,-100.0,1.447,-3.415,337.0,40.7,-73.93,AWRF
7,2021-07-22 07:00:00,C,162.7,499.3,0.4438,0.2,13.81,868.7,3.657,0.0,1014.0,0.0,294.2,1.192,-100.0,1.434,-3.364,336.9,40.7,-73.93,AWRF
8,2021-07-22 08:00:00,C,130.8,469.8,0.4181,0.2,13.82,762.2,3.372,0.0,1015.0,0.0,293.6,1.196,-100.0,1.322,-3.102,336.9,40.7,-73.93,AWRF
9,2021-07-22 09:00:00,C,163.5,423.7,0.39,0.2,13.83,865.6,3.102,0.0,1016.0,0.0,293.2,1.199,-100.0,1.138,-2.886,338.5,40.7,-73.93,AWRF
10,2021-07-22 10:00:00,D,164.1,384.6,0.3782,0.2,13.83,749.0,3.064,2.188,1016.0,0.0,293.1,1.199,-100.0,1.116,-2.854,338.6,40.7,-73.93,AWRF
11,2021-07-22 11:00:00,C,203.8,558.5,0.4304,0.2,13.82,1409.0,3.217,134.5,1016.0,0.0,293.6,1.197,-100.0,1.239,-2.969,337.3,40.7,-73.93,AWRF
12,2021-07-22 12:00:00,C,354.0,818.8,0.487,0.2,13.82,3437.0,3.307,327.0,1017.0,0.0,294.6,1.194,-100.0,1.339,-3.024,336.1,40.7,-73.93,AWRF
13,2021-07-22 13:00:00,B,525.4,1033.0,0.5053,0.2,13.83,6158.0,3.057,522.1,1016.0,0.0,295.7,1.19,-100.0,1.205,-2.81,336.8,40.7,-73.93,AWRF
14,2021-07-22 14:00:00,B,767.4,1257.0,0.5452,0.2,13.85,10080.0,3.053,696.9,1017.0,0.0,297.4,1.184,-100.0,0.6432,-2.985,347.8,40.7,-73.93,AWRF
15,2021-07-22 15:00:00,A,1332.0,1523.0,0.5973,0.2,13.85,17450.0,3.151,832.8,1017.0,0.0,298.9,1.179,-100.0,0.2045,-3.145,356.3,40.7,-73.93,AWRF
16,2021-07-22 16:00:00,B,1197.0,1272.0,0.5236,0.2,13.84,14850.0,2.464,622.2,1017.0,0.0,299.5,1.176,-100.0,0.6989,-2.363,343.5,40.7,-73.93,AWRF
17,2021-07-22 17:00:00,B,1333.0,974.2,0.4461,0.2,13.84,12000.0,1.911,487.2,1016.0,0.0,300.1,1.173,-100.0,1.201,-1.486,321.1,40.7,-73.93,AWRF
18,2021-07-22 18:00:00,B,1470.0,1163.0,0.4624,0.2,13.83,15810.0,1.655,624.6,1016.0,0.0,300.6,1.171,-100.0,1.496,-0.7089,295.4,40.7,-73.93,AWRF
19,2021-07-22 19:00:00,A,1603.0,1556.0,0.54,0.2,13.83,22770.0,1.669,891.5,1015.0,0.0,300.9,1.169,-100.0,1.66,-0.1737,276.0,40.7,-73.93,AWRF
20,2021-07-22 20:00:00,A,1942.0,1475.0,0.5322,0.2,13.83,24540.0,1.838,773.8,1016.0,0.0,301.1,1.168,-100.0,1.818,0.2737,261.4,40.7,-73.93,AWRF
21,2021-07-22 21:00:00,A,1242.0,1314.0,0.5124,0.2,13.82,15890.0,2.115,611.4,1016.0,0.0,300.7,1.17,-100.0,2.112,0.1114,267.0,40.7,-73.93,AWRF
22,2021-07-22 22:00:00,B,1396.0,1164.0,0.5074,0.2,13.82,14440.0,2.163,426.5,1016.0,0.0,300.6,1.171,-100.0,2.155,-0.1905,275.1,40.7,-73.93,AWRF
0,2021-07-23 00:00:00,C,922.1,632.7,0.4496,0.2,13.79,4644.0,2.984,52.61,1016.0,0.0,298.8,1.177,-100.0,2.646,-1.38,297.6,40.7,-73.93,AWRF
1,2021-07-23 01:00:00,D,393.5,346.7,0.3318,0.2,13.81,1416.0,2.447,0.0,1015.0,0.0,298.1,1.178,-100.0,2.132,-1.202,299.4,40.7,-73.93,AWRF
2,2021-07-23 02:00:00,D,212.0,249.3,0.2724,0.2,13.83,750.8,2.012,0.0,1015.0,0.0,297.2,1.181,-100.0,1.813,-0.8733,295.7,40.7,-73.93,AWRF
3,2021-07-23 03:00:00,D,133.0,252.2,0.2841,0.2,13.82,524.1,2.134,0.0,1016.0,0.0,296.6,1.185,-100.0,1.834,-1.091,300.8,40.7,-73.93,AWRF
4,2021-07-23 04:00:00,D,104.3,240.5,0.2825,0.2,13.82,431.9,2.112,0.0,1018.0,0.0,295.9,1.19,-100.0,1.794,-1.114,301.8,40.7,-73.93,AWRF
5,2021-07-23 05:00:00,D,94.1,266.4,0.2943,0.2,13.82,505.5,2.174,0.0,1019.0,0.0,295.1,1.194,-100.0,1.704,-1.351,308.4,40.7,-73.93,AWRF
6,2021-07-23 06:00:00,D,94.2,285.4,0.3199,0.2,13.82,494.9,2.439,0.0,1018.0,0.0,294.6,1.196,-100.0,1.697,-1.752,315.9,40.7,-73.93,AWRF
7,2021-07-23 07:00:00,D,100.5,301.8,0.3302,0.2,13.82,568.3,2.509,0.0,1019.0,0.0,294.0,1.199,-100.0,1.679,-1.864,318.0,40.7,-73.93,AWRF
8,2021-07-23 08:00:00,D,101.8,320.3,0.3321,0.2,13.81,524.9,2.583,0.0,1018.0,0.0,293.3,1.201,-100.0,1.756,-1.895,317.2,40.7,-73.93,AWRF
9,2021-07-23 09:00:00,D,107.2,299.8,0.3316,0.2,13.81,468.0,2.602,0.0,1019.0,0.0,293.1,1.203,-100.0,1.738,-1.937,318.1,40.7,-73.93,AWRF
10,2021-07-23 10:00:00,D,83.98,297.9,0.3376,0.2,13.81,992.4,2.732,2.101,1019.0,0.0,293.0,1.204,-100.0,1.721,-2.122,321.0,40.7,-73.93,AWRF
11,2021-07-23 11:00:00,C,115.4,437.2,0.3788,0.2,13.82,794.4,2.907,129.3,1020.0,0.0,293.6,1.202,-100.0,1.465,-2.511,329.7,40.7,-73.93,AWRF
12,2021-07-23 12:00:00,C,179.6,693.4,0.4452,0.2,13.83,1908.0,3.134,322.4,1019.0,0.0,294.9,1.197,-100.0,1.198,-2.896,337.5,40.7,-73.93,AWRF
13,2021-07-23 13:00:00,B,371.3,1019.0,0.5158,0.2,13.83,4865.0,3.325,514.9,1018.0,0.0,296.1,1.192,-100.0,0.8604,-3.212,345.0,40.7,-73.93,AWRF
14,2021-07-23 14:00:00,B,828.3,1299.0,0.5691,0.2,13.85,11030.0,3.416,690.4,1018.0,0.0,297.6,1.186,-100.0,0.5377,-3.374,350.9,40.7,-73.93,AWRF
15,2021-07-23 15:00:00,A,1528.0,1546.0,0.5974,0.2,13.85,20240.0,3.235,826.3,1019.0,0.0,299.0,1.181,-100.0,0.5817,-3.183,349.6,40.7,-73.93,AWRF
16,2021-07-23 16:00:00,A,1213.0,1304.0,0.5084,0.2,13.85,14880.0,2.714,636.0,1019.0,0.0,299.6,1.178,-100.0,0.6126,-2.644,347.0,40.7,-73.93,AWRF
17,2021-07-23 17:00:00,A,1132.0,1421.0,0.4998,0.2,13.86,15810.0,2.311,784.1,1018.0,0.0,300.1,1.175,-100.0,0.5337,-2.248,346.6,40.7,-73.93,AWRF
18,2021-07-23 18:00:00,A,1927.0,1535.0,0.5197,0.2,13.87,25130.0,2.229,878.8,1018.0,0.0,300.7,1.172,-100.0,0.272,-2.212,353.0,40.7,-73.93,AWRF
19,2021-07-23 19:00:00,A,1845.0,1389.0,0.481,0.2,13.87,22890.0,1.68,808.4,1018.0,0.0,301.0,1.17,-100.0,0.3474,-1.644,348.1,40.7,-73.93,AWRF
20,2021-07-23 20:00:00,B,952.7,1186.0,0.3971,0.2,13.88,13380.0,0.516,706.7,1017.0,0.0,301.0,1.17,-100.0,0.2192,-0.4671,334.9,40.7,-73.93,AWRF
21,2021-07-23 21:00:00,B,1697.0,1165.0,0.423,0.2,13.89,18970.0,0.4093,609.6,1017.0,0.0,301.0,1.169,-100.0,-0.04228,-0.4071,5.929,40.7,-73.93,AWRF
22,2021-07-23 22:00:00,B,937.8,880.5,0.3547,0.2,13.89,9877.0,0.1821,421.8,1017.0,0.0,300.8,1.17,-100.0,0.05116,0.1748,196.3,40.7,-73.93,AWRF
0,2021-07-24 00:00:00,C,879.0,469.9,0.2702,0.2,13.86,5021.0,0.9165,53.1,1015.0,0.0,298.2,1.178,-100.0,0.915,-0.05302,273.3,40.7,-73.93,AWRF
1,2021-07-24 01:00:00,D,527.0,292.3,0.1946,0.2,13.87,2234.0,0.7644,0.0,1016.0,0.0,297.6,1.18,-100.0,0.7518,-0.1384,280.4,40.7,-73.93,AWRF
2,2021-07-24 02:00:00,D,323.8,199.7,0.1655,0.2,13.86,1104.0,0.5725,0.0,1017.0,0.0,297.1,1.183,-100.0,0.5661,-0.08527,278.6,40.7,-73.93,AWRF
3,2021-07-24 03:00:00,D,164.0,167.8,0.1494,0.2,13.88,635.4,0.4682,0.0,1018.0,0.0,296.3,1.188,-100.0,0.401,-0.2416,301.1,40.7,-73.93,AWRF
4,2021-07-24 04:00:00,D,162.9,168.1,0.1607,0.2,13.87,578.8,0.7232,0.0,1019.0,0.0,295.7,1.191,-100.0,0.6252,-0.3635,300.2,40.7,-73.93,AWRF
5,2021-07-24 05:00:00,D,125.9,190.5,0.1838,0.2,13.86,553.3,1.027,0.0,1019.0,0.0,295.0,1.194,-100.0,0.8307,-0.6032,306.0,40.7,-73.93,AWRF
6,2021-07-24 06:00:00,D,122.4,167.9,0.1921,0.2,13.86,433.4,1.148,0.0,1019.0,0.0,294.7,1.196,-100.0,0.7844,-0.8386,316.9,40.7,-73.93,AWRF
7,2021-07-24 07:00:00,D,102.4,192.0,0.2109,0.2,13.86,420.6,1.293,0.0,1019.0,0.0,294.0,1.198,-100.0,0.7824,-1.029,322.8,40.7,-73.93,AWRF
8,2021-07-24 08:00:00,D,105.8,236.7,0.2296,0.2,13.86,526.7,1.389,0.0,1019.0,0.0,293.1,1.202,-100.0,0.645,-1.23,332.3,40.7,-73.93,AWRF
9,2021-07-24 09:00:00,D,103.7,202.6,0.2292,0.2,13.87,416.4,1.482,0.0,1018.0,0.0,293.2,1.201,-100.0,0.3025,-1.451,348.2,40.7,-73.93,AWRF
10,2021-07-24 10:00:00,D,76.96,181.2,0.2243,0.2,13.87,465.8,1.547,2.074,1018.0,0.0,293.1,1.201,-100.0,0.1088,-1.543,356.0,40.7,-73.93,AWRF
11,2021-07-24 11:00:00,D,144.3,342.9,0.2954,0.2,13.88,844.8,1.902,127.6,1018.0,0.0,293.7,1.198,-100.0,-0.273,-1.882,8.252,40.7,-73.93,AWRF
12,2021-07-24 12:00:00,C,214.6,559.8,0.3603,0.2,13.91,1951.0,2.254,319.0,1018.0,0.0,295.2,1.192,-100.0,-0.961,-2.039,25.24,40.7,-73.93,AWRF
13,2021-07-24 13:00:00,C,344.4,795.8,0.3924,0.2,13.91,4102.0,2.079,514.1,1018.0,0.0,296.6,1.188,-100.0,-1.082,-1.775,31.37,40.7,-73.93,AWRF
14,2021-07-24 14:00:00,B,522.6,924.9,0.3485,0.2,13.91,7088.0,1.155,688.9,1018.0,0.0,298.1,1.182,-100.0,-0.8369,-0.7955,46.45,40.7,-73.93,AWRF
15,2021-07-24 15:00:00,B,1013.0,1162.0,0.4063,0.2,13.91,13750.0,0.7461,829.8,1019.0,0.0,299.3,1.178,-100.0,-0.7156,0.2111,106.4,40.7,-73.93,AWRF
16,2021-07-24 16:00:00,A,1181.0,1403.0,0.4655,0.2,13.92,18110.0,1.434,924.2,1018.0,0.0,300.2,1.174,-100.0,-0.9612,1.064,137.9,40.7,-73.93,AWRF
17,2021-07-24 17:00:00,A,1361.0,1578.0,0.521,0.2,13.93,21840.0,2.074,963.8,1017.0,0.0,300.8,1.171,-100.0,-1.025,1.803,150.4,40.7,-73.93,AWRF
18,2021-07-24 18:00:00,A,1372.0,1688.0,0.556,0.2,13.94,23130.0,2.381,952.6,1017.0,0.0,301.1,1.168,-100.0,-1.119,2.102,152.0,40.7,-73.93,AWRF
19,2021-07-24 19:00:00,A,1361.0,1733.0,0.5908,0.2,13.94,23010.0,2.915,882.5,1016.0,0.0,301.3,1.167,-100.0,-0.9877,2.743,160.2,40.7,-73.93,AWRF
20,2021-07-24 20:00:00,A,1181.0,1764.0,0.6442,0.2,13.94,20120.0,3.562,765.5,1015.0,0.0,301.2,1.167,-100.0,-0.7391,3.485,168.0,40.7,-73.93,AWRF
21,2021-07-24 21:00:00,A,912.2,1721.0,0.672,0.2,13.93,15640.0,4.108,608.8,1016.0,0.0,300.5,1.17,-100.0,-0.4616,4.082,173.5,40.7,-73.93,AWRF
22,2021-07-24 22:00:00,A,894.6,1454.0,0.6375,0.2,13.93,12570.0,4.064,424.3,1016.0,0.0,300.3,1.171,-100.0,-0.2402,4.057,176.6,40.7,-73.93,AWRF
0,2021-07-25 00:00:00,B,441.9,863.4,0.5453,0.2,13.93,3741.0,3.952,52.18,1015.0,0.0,298.4,1.176,-100.0,-0.1265,3.95,178.2,40.7,-73.93,AWRF
1,2021-07-25 01:00:00,C,395.4,693.4,0.5258,0.2,13.92,2232.0,4.18,0.0,1015.0,0.0,298.1,1.176,-100.0,0.05363,4.18,180.7,40.7,-73.93,AWRF
2,2021-07-25 02:00:00,C,235.5,546.6,0.4767,0.2,13.91,2528.0,3.927,0.0,1015.0,0.0,297.8,1.177,-100.0,0.3978,3.907,185.8,40.7,-73.93,AWRF
3,2021-07-25 03:00:00,C,170.8,494.8,0.4523,0.2,13.91,1969.0,3.747,0.0,1015.0,0.0,297.4,1.179,-100.0,0.4058,3.725,186.2,40.7,-73.93,AWRF
4,2021-07-25 04:00:00,D,139.5,394.7,0.4088,0.2,13.9,1527.0,3.513,0.0,1015.0,0.0,297.2,1.18,-100.0,0.6509,3.452,190.7,40.7,-73.93,AWRF
5,2021-07-25 05:00:00,D,62.22,248.6,0.3216,0.2,13.89,1018.0,2.889,0.0,1015.0,0.0,297.0,1.18,-100.0,0.7058,2.801,194.1,40.7,-73.93,AWRF
6,2021-07-25 06:00:00,D,103.2,284.1,0.355,0.2,13.88,1066.0,3.121,0.0,1015.0,0.0,296.9,1.181,-100.0,1.189,2.885,202.4,40.7,-73.93,AWRF
7,2021-07-25 07:00:00,D,103.3,339.9,0.3772,0.2,13.88,1149.0,3.212,0.0,1014.0,0.0,296.5,1.181,-100.0,1.095,3.02,199.9,40.7,-73.93,AWRF
8,2021-07-25 08:00:00,D,103.9,358.0,0.3732,0.2,13.89,1270.0,3.071,0.0,1013.0,0.0,295.8,1.183,-100.0,0.6451,3.002,192.1,40.7,-73.93,AWRF
9,2021-07-25 09:00:00,C,102.8,435.4,0.39,0.2,13.91,808.1,3.049,0.0,1012.0,0.0,294.7,1.187,-100.0,0.2727,3.037,185.1,40.7,-73.93,AWRF
10,2021-07-25 10:00:00,C,74.22,425.3,0.4038,0.2,13.92,1313.0,3.263,1.929,1012.0,0.0,294.6,1.186,-100.0,0.1436,3.26,182.5,40.7,-73.93,AWRF
11,2021-07-25 11:00:00,C,132.2,606.9,0.4727,0.2,13.92,1233.0,3.745,118.8,1012.0,0.0,295.2,1.184,-100.0,0.1695,3.741,182.6,40.7,-73.93,AWRF
12,2021-07-25 12:00:00,B,207.1,1000.0,0.5719,0.2,13.9,2882.0,4.13,302.9,1014.0,0.0,295.5,1.185,-100.0,0.5665,4.091,187.9,40.7,-73.93,AWRF
13,2021-07-25 13:00:00,A,338.0,1368.0,0.6519,0.2,13.89,5621.0,4.454,490.6,1014.0,0.0,296.3,1.183,-100.0,1.115,4.312,194.5,40.7,-73.93,AWRF
14,2021-07-25 14:00:00,A,468.0,1715.0,0.7241,0.2,13.88,8841.0,4.895,658.9,1014.0,0.0,297.3,1.178,-100.0,1.427,4.683,196.9,40.7,-73.93,AWRF
15,2021-07-25 15:00:00,A,405.0,1861.0,0.7204,0.2,13.87,9275.0,4.671,778.7,1013.0,0.0,298.0,1.174,-100.0,1.506,4.422,198.8,40.7,-73.93,AWRF
16,2021-07-25 16:00:00,A,684.7,1816.0,0.7086,0.2,13.87,12900.0,4.464,741.5,1013.0,0.0,298.9,1.169,-100.0,1.558,4.184,200.4,40.7,-73.93,AWRF
17,2021-07-25 17:00:00,A,620.7,1666.0,0.6895,0.2,13.86,10890.0,4.388,656.2,1012.0,0.0,300.3,1.162,-100.0,1.744,4.027,203.4,40.7,-73.93,AWRF
18,2021-07-25 18:00:00,A,717.5,1632.0,0.6557,0.2,13.87,12360.0,3.991,733.3,1010.0,0.0,301.2,1.157,-100.0,1.635,3.64,204.2,40.7,-73.93,AWRF
19,2021-07-25 19:00:00,A,796.8,1686.0,0.6475,0.2,13.87,14190.0,3.559,810.5,1010.0,0.0,302.0,1.153,-100.0,1.409,3.268,203.3,40.7,-73.93,AWRF
20,2021-07-25 20:00:00,A,717.3,1310.0,0.6122,0.2,13.88,9420.0,4.055,433.3,1010.0,0.0,302.0,1.152,-100.0,1.428,3.796,200.6,40.7,-73.93,AWRF
21,2021-07-25 21:00:00,A,718.1,1476.0,0.6258,0.2,13.89,11270.0,3.998,586.9,1009.0,0.0,302.2,1.151,-100.0,1.04,3.86,195.1,40.7,-73.93,AWRF
22,2021-07-25 22:00:00,B,787.6,1289.0,0.609,0.2,13.88,9919.0,4.053,401.9,1010.0,0.0,302.2,1.152,-100.0,1.283,3.844,198.5,40.7,-73.93,AWRF
0,2021-07-26 00:00:00,C,244.1,615.5,0.4589,0.2,13.89,1882.0,3.462,46.31,1009.0,0.0,300.7,1.156,-100.0,1.117,3.277,198.8,40.7,-73.93,AWRF
1,2021-07-26 01:00:00,D,167.5,367.0,0.3711,0.2,13.88,818.6,3.068,0.0,1009.0,0.0,300.3,1.157,-100.0,0.998,2.901,199.0,40.7,-73.93,AWRF
2,2021-07-26 02:00:00,D,144.5,275.1,0.3301,0.2,13.87,515.5,2.883,0.0,1009.0,0.0,299.8,1.159,-100.0,1.376,2.533,208.5,40.7,-73.93,AWRF
3,2021-07-26 03:00:00,D,65.72,216.5,0.2904,0.2,13.87,783.3,2.561,0.0,1010.0,0.0,299.2,1.162,-100.0,1.291,2.212,210.3,40.7,-73.93,AWRF
4,2021-07-26 04:00:00,D,62.37,143.9,0.2274,0.2,13.87,464.6,1.97,0.0,1010.0,0.0,298.7,1.164,-100.0,1.061,1.66,212.6,40.7,-73.93,AWRF
5,2021-07-26 05:00:00,D,65.61,113.5,0.1667,0.2,13.87,247.6,1.275,0.0,1010.0,0.0,298.1,1.167,-100.0,0.72,1.052,214.4,40.7,-73.93,AWRF
6,2021-07-26 06:00:00,D,60.86,112.2,0.1139,0.2,13.89,295.2,0.1209,0.0,1011.0,0.0,297.2,1.172,-100.0,-0.1166,-0.03212,74.6,40.7,-73.93,AWRF
7,2021-07-26 07:00:00,D,75.13,106.2,0.1035,0.2,13.89,278.8,0.1526,0.0,1010.0,0.0,296.9,1.172,-100.0,-0.1025,-0.113,42.23,40.7,-73.93,AWRF
8,2021-07-26 08:00:00,D,71.21,102.5,0.1309,0.2,13.87,240.5,0.5274,0.0,1010.0,0.0,296.8,1.173,-100.0,0.4898,0.1958,248.2,40.7,-73.93,AWRF
9,2021-07-26 09:00:00,D,65.61,114.7,0.1581,0.2,13.85,242.3,1.031,0.0,1011.0,0.0,296.5,1.175,-100.0,0.9832,0.3106,252.5,40.7,-73.93,AWRF
10,2021-07-26 10:00:00,E,71.56,88.75,0.1503,0.2,13.86,194.3,1.099,1.925,1011.0,0.0,296.5,1.174,-100.0,1.004,0.4482,245.9,40.7,-73.93,AWRF
11,2021-07-26 11:00:00,D,95.69,196.2,0.1914,0.2,13.86,453.0,1.085,118.6,1011.0,0.0,297.0,1.172,-100.0,1.061,0.2252,258.0,40.7,-73.93,AWRF
12,2021-07-26 12:00:00,C,200.8,432.7,0.2574,0.2,13.85,1701.0,1.209,306.3,1011.0,0.0,298.1,1.169,-100.0,1.202,0.1291,263.9,40.7,-73.93,AWRF
13,2021-07-26 13:00:00,C,275.6,638.9,0.287,0.2,13.85,3300.0,1.046,490.1,1011.0,0.0,299.1,1.164,-100.0,1.045,0.0264,268.6,40.7,-73.93,AWRF
14,2021-07-26 14:00:00,C,396.8,830.7,0.3253,0.2,13.86,5537.0,0.8648,666.4,1011.0,0.0,300.9,1.158,-100.0,0.8626,0.06176,265.9,40.7,-73.93,AWRF
15,2021-07-26 15:00:00,B,614.3,1068.0,0.3447,0.2,13.86,9230.0,0.7238,811.5,1011.0,0.0,302.4,1.154,-100.0,0.7238,0.0005236,270.0,40.7,-73.93,AWRF
16,2021-07-26 16:00:00,A,926.6,1307.0,0.4353,0.2,13.86,14540.0,0.9406,907.6,1011.0,0.0,303.3,1.15,-100.0,0.8107,0.4769,239.5,40.7,-73.93,AWRF
17,2021-07-26 17:00:00,A,1187.0,1490.0,0.5053,0.2,13.86,18830.0,1.456,942.7,1011.0,0.0,303.9,1.148,-100.0,1.159,0.8816,232.7,40.7,-73.93,AWRF
18,2021-07-26 18:00:00,A,1197.0,1490.0,0.5025,0.2,13.85,18920.0,1.402,887.6,1011.0,0.0,304.1,1.147,-100.0,1.228,0.6769,241.1,40.7,-73.93,AWRF
19,2021-07-26 19:00:00,A,1045.0,1420.0,0.4921,0.2,13.85,16470.0,1.334,822.0,1010.0,0.0,304.4,1.146,-100.0,1.196,0.5909,243.7,40.7,-73.93,AWRF
20,2021-07-26 20:00:00,A,771.6,1309.0,0.4731,0.2,13.85,12370.0,1.451,713.1,1010.0,0.0,304.5,1.145,-100.0,1.314,0.6148,244.9,40.7,-73.93,AWRF
21,2021-07-26 21:00:00,B,1522.0,1247.0,0.4867,0.2,13.85,17840.0,1.165,591.5,1010.0,0.0,304.6,1.145,-100.0,1.164,0.0345,268.3,40.7,-73.93,AWRF
22,2021-07-26 22:00:00,B,855.8,956.4,0.4164,0.2,13.85,9363.0,1.19,386.6,1010.0,0.0,304.4,1.146,-100.0,1.189,-0.0249,271.2,40.7,-73.93,AWRF
0,2021-07-27 00:00:00,C,692.6,492.6,0.3327,0.2,13.85,3842.0,1.54,47.62,1010.0,0.0,302.4,1.154,-100.0,1.156,-1.018,311.4,40.7,-73.93,AWRF
1,2021-07-27 01:00:00,D,667.5,285.2,0.2584,0.2,13.86,2163.0,1.297,0.0,1010.0,0.0,301.6,1.157,-100.0,0.781,-1.035,323.0,40.7,-73.93,AWRF
2,2021-07-27 02:00:00,D,168.8,184.6,0.1847,0.2,13.86,594.8,1.012,0.0,1011.0,0.0,300.8,1.16,-100.0,0.8237,-0.588,305.5,40.7,-73.93,AWRF
3,2021-07-27 03:00:00,D,115.8,218.4,0.2303,0.2,13.84,479.8,1.59,0.0,1011.0,0.0,299.8,1.164,-100.0,1.454,-0.6418,293.8,40.7,-73.93,AWRF
4,2021-07-27 04:00:00,D,112.7,236.9,0.2675,0.2,13.83,470.8,1.959,0.0,1013.0,0.0,299.1,1.169,-100.0,1.619,-1.103,304.2,40.7,-73.93,AWRF
5,2021-07-27 05:00:00,D,112.8,254.3,0.2819,0.2,13.83,517.1,2.088,0.0,1013.0,0.0,298.2,1.173,-100.0,1.442,-1.511,316.3,40.7,-73.93,AWRF
6,2021-07-27 06:00:00,D,104.5,225.6,0.272,0.2,13.83,726.1,2.054,0.0,1013.0,0.0,297.9,1.174,-100.0,1.231,-1.644,323.2,40.7,-73.93,AWRF
7,2021-07-27 07:00:00,D,93.86,232.8,0.2718,0.2,13.84,683.6,1.983,0.0,1013.0,0.0,297.3,1.177,-100.0,1.043,-1.686,328.3,40.7,-73.93,AWRF
8,2021-07-27 08:00:00,D,94.26,231.7,0.2553,0.2,13.85,473.3,1.716,0.0,1013.0,0.0,296.5,1.18,-100.0,0.7621,-1.538,333.6,40.7,-73.93,AWRF
9,2021-07-27 09:00:00,D,106.4,151.1,0.2032,0.2,13.86,305.0,1.376,0.0,1013.0,0.0,296.4,1.181,-100.0,0.5482,-1.263,336.5,40.7,-73.93,AWRF
10,2021-07-27 10:00:00,D,71.02,111.8,0.1608,0.2,13.87,232.3,1.026,1.935,1013.0,0.0,296.2,1.181,-100.0,0.3098,-0.9781,342.4,40.7,-73.93,AWRF
11,2021-07-27 11:00:00,D,129.6,223.9,0.1926,0.2,13.87,643.5,0.9617,119.2,1014.0,0.0,296.8,1.18,-100.0,0.4082,-0.8708,334.9,40.7,-73.93,AWRF
12,2021-07-27 12:00:00,D,156.6,356.9,0.2057,0.2,13.87,1324.0,0.7313,308.2,1013.0,0.0,298.0,1.174,-100.0,0.5443,-0.4883,311.9,40.7,-73.93,AWRF
13,2021-07-27 13:00:00,C,257.8,544.1,0.2563,0.2,13.87,2962.0,0.708,502.6,1013.0,0.0,299.4,1.169,-100.0,0.6816,-0.1916,285.7,40.7,-73.93,AWRF
14,2021-07-27 14:00:00,C,403.9,792.8,0.3178,0.2,13.87,5407.0,0.8636,675.2,1014.0,0.0,301.3,1.162,-100.0,0.7529,0.423,240.7,40.7,-73.93,AWRF
15,2021-07-27 15:00:00,B,1171.0,1167.0,0.4447,0.2,13.87,14570.0,1.537,814.8,1013.0,0.0,303.3,1.154,-100.0,1.031,1.14,222.1,40.7,-73.93,AWRF
16,2021-07-27 16:00:00,A,1370.0,1518.0,0.5516,0.2,13.87,19880.0,2.451,905.1,1014.0,0.0,304.1,1.153,-100.0,1.087,2.197,206.3,40.7,-73.93,AWRF
17,2021-07-27 17:00:00,A,1232.0,1683.0,0.6009,0.2,13.87,20060.0,3.066,925.5,1013.0,0.0,304.8,1.149,-100.0,1.094,2.864,200.9,40.7,-73.93,AWRF
18,2021-07-27 18:00:00,A,1058.0,1861.0,0.6628,0.2,13.89,19150.0,3.594,932.5,1012.0,0.0,305.2,1.146,-100.0,0.701,3.525,191.2,40.7,-73.93,AWRF
19,2021-07-27 19:00:00,A,1188.0,1906.0,0.6938,0.2,13.89,20490.0,3.895,860.5,1012.0,0.0,305.5,1.145,-100.0,0.8705,3.797,192.9,40.7,-73.93,AWRF
20,2021-07-27 20:00:00,A,1031.0,1842.0,0.7048,0.2,13.89,17490.0,4.159,747.2,1012.0,0.0,305.4,1.145,-100.0,1.375,3.925,199.3,40.7,-73.93,AWRF
21,2021-07-27 21:00:00,A,921.2,1666.0,0.6766,0.2,13.88,14460.0,4.15,589.9,1011.0,0.0,305.0,1.147,-100.0,1.296,3.942,198.2,40.7,-73.93,AWRF
22,2021-07-27 22:00:00,B,1017.0,1260.0,0.5713,0.2,13.87,12040.0,3.294,406.7,1011.0,0.0,304.5,1.147,-100.0,1.462,2.951,206.3,40.7,-73.93,AWRF
0,2021-07-28 00:00:00,C,401.2,553.0,0.2704,0.2,13.84,3220.0,1.559,43.33,1011.0,0.0,300.8,1.161,-100.0,1.253,-0.9273,306.5,40.7,-73.93,AWRF
1,2021-07-28 01:00:00,D,250.6,341.3,0.1856,0.2,13.86,1552.0,1.225,0.0,1010.0,0.0,299.9,1.163,-100.0,0.5964,-1.07,330.9,40.7,-73.93,AWRF
2,2021-07-28 02:00:00,D,142.0,253.4,0.1652,0.2,13.87,782.2,0.9727,0.0,1011.0,0.0,299.4,1.166,-100.0,0.5987,-0.7666,322.0,40.7,-73.93,AWRF
3,2021-07-28 03:00:00,D,122.0,243.8,0.1701,0.2,13.87,670.8,0.9428,0.0,1012.0,0.0,298.6,1.171,-100.0,0.2381,-0.9123,345.4,40.7,-73.93,AWRF
4,2021-07-28 04:00:00,D,118.1,221.3,0.184,0.2,13.87,604.4,0.8697,0.0,1012.0,0.0,298.1,1.173,-100.0,0.4576,-0.7396,328.3,40.7,-73.93,AWRF
5,2021-07-28 05:00:00,D,120.8,244.6,0.2059,0.2,13.85,662.3,1.096,0.0,1013.0,0.0,297.3,1.176,-100.0,0.8633,-0.6756,308.0,40.7,-73.93,AWRF
6,2021-07-28 06:00:00,D,116.5,315.3,0.2524,0.2,13.85,819.4,1.468,0.0,1013.0,0.0,296.4,1.18,-100.0,1.188,-0.862,306.0,40.7,-73.93,AWRF
7,2021-07-28 07:00:00,D,100.8,319.6,0.2736,0.2,13.84,713.4,1.777,0.0,1013.0,0.0,296.0,1.182,-100.0,1.467,-1.003,304.3,40.7,-73.93,AWRF
8,2021-07-28 08:00:00,D,106.3,309.8,0.2845,0.2,13.83,651.8,1.911,0.0,1013.0,0.0,295.7,1.183,-100.0,1.455,-1.239,310.4,40.7,-73.93,AWRF
9,2021-07-28 09:00:00,D,99.17,328.2,0.3077,0.2,13.83,617.6,2.167,0.0,1013.0,0.0,295.3,1.184,-100.0,1.521,-1.544,315.4,40.7,-73.93,AWRF
10,2021-07-28 10:00:00,D,99.62,297.7,0.3064,0.2,13.83,521.8,2.256,1.835,1014.0,0.0,295.3,1.185,-100.0,1.395,-1.773,321.8,40.7,-73.93,AWRF
11,2021-07-28 11:00:00,C,116.3,424.5,0.3523,0.2,13.84,856.2,2.448,113.2,1014.0,0.0,295.8,1.183,-100.0,1.076,-2.199,333.9,40.7,-73.93,AWRF
12,2021-07-28 12:00:00,C,211.5,766.7,0.4543,0.2,13.85,2530.0,3.006,302.4,1012.0,0.0,296.4,1.18,-100.0,0.632,-2.938,347.9,40.7,-73.93,AWRF
13,2021-07-28 13:00:00,B,396.5,1121.0,0.5385,0.2,13.85,5821.0,3.378,494.0,1012.0,0.0,297.1,1.177,-100.0,0.3075,-3.364,354.8,40.7,-73.93,AWRF
14,2021-07-28 14:00:00,A,688.0,1406.0,0.5918,0.2,13.87,10810.0,3.448,666.4,1013.0,0.0,298.2,1.174,-100.0,-0.191,-3.443,3.175,40.7,-73.93,AWRF
15,2021-07-28 15:00:00,A,894.7,1624.0,0.618,0.2,13.87,15290.0,3.441,807.4,1014.0,0.0,298.8,1.174,-100.0,-0.373,-3.42,6.223,40.7,-73.93,AWRF
16,2021-07-28 16:00:00,A,1129.0,1587.0,0.6136,0.2,13.88,17180.0,3.389,709.9,1015.0,0.0,299.5,1.171,-100.0,-0.5226,-3.348,8.872,40.7,-73.93,AWRF
17,2021-07-28 17:00:00,B,909.6,1240.0,0.4925,0.2,13.9,12270.0,2.313,622.3,1014.0,0.0,300.3,1.168,-100.0,-0.79,-2.174,19.97,40.7,-73.93,AWRF
18,2021-07-28 18:00:00,A,1031.0,1491.0,0.4794,0.2,13.91,17290.0,1.588,936.5,1015.0,0.0,300.6,1.168,-100.0,-1.159,-1.086,46.86,40.7,-73.93,AWRF
19,2021-07-28 19:00:00,A,1232.0,1444.0,0.439,0.2,13.91,19350.0,1.081,867.2,1014.0,0.0,300.9,1.165,-100.0,-1.059,-0.2188,78.32,40.7,-73.93,AWRF
20,2021-07-28 20:00:00,B,1190.0,1270.0,0.44,0.2,13.92,16600.0,1.092,686.1,1013.0,0.0,301.2,1.163,-100.0,-0.8682,0.6616,127.3,40.7,-73.93,AWRF
21,2021-07-28 21:00:00,B,1180.0,1226.0,0.4408,0.2,13.93,15840.0,1.57,593.6,1012.0,0.0,300.8,1.164,-100.0,-1.057,1.161,137.7,40.7,-73.93,AWRF
22,2021-07-28 22:00:00,B,1005.0,978.5,0.4019,0.2,13.94,11210.0,1.716,350.0,1013.0,0.0,300.5,1.166,-100.0,-0.9121,1.453,147.9,40.7,-73.93,AWRF
0,2021-07-30 00:00:00,C,201.4,807.8,0.5531,0.2,13.92,1728.0,4.115,36.67,1007.0,0.0,296.8,1.17,-100.0,0.2277,4.108,183.2,40.7,-73.93,AWRF
1,2021-07-30 01:00:00,C,207.8,618.6,0.4935,0.2,13.91,1291.0,3.777,0.0,1006.0,0.0,296.4,1.17,-100.0,0.282,3.766,184.3,40.7,-73.93,AWRF
2,2021-07-30 02:00:00,C,177.5,453.2,0.4249,0.2,13.9,847.4,3.338,0.0,1006.0,0.0,296.3,1.171,-100.0,0.594,3.284,190.3,40.7,-73.93,AWRF
3,2021-07-30 03:00:00,D,100.7,367.6,0.3705,0.2,13.86,534.1,2.907,0.0,1005.0,0.0,295.9,1.172,-100.0,1.559,2.453,212.4,40.7,-73.93,AWRF
4,2021-07-30 04:00:00,D,103.4,269.9,0.3153,0.2,13.84,946.9,2.523,0.0,1006.0,0.0,295.8,1.173,-100.0,1.9,1.659,228.9,40.7,-73.93,AWRF
5,2021-07-30 05:00:00,D,75.96,199.2,0.2707,0.2,13.83,680.7,2.206,0.0,1005.0,0.0,295.8,1.172,-100.0,1.962,1.008,242.8,40.7,-73.93,AWRF
6,2021-07-30 06:00:00,D,67.72,183.0,0.2666,0.2,13.81,659.6,2.285,0.0,1005.0,0.0,295.8,1.172,-100.0,2.262,0.3251,261.8,40.7,-73.93,AWRF
7,2021-07-30 07:00:00,D,56.62,170.2,0.2665,0.2,13.81,556.3,2.375,0.0,1006.0,0.0,295.6,1.173,-100.0,2.374,0.04721,268.9,40.7,-73.93,AWRF
8,2021-07-30 08:00:00,D,56.79,143.6,0.2611,0.2,13.81,489.2,2.379,0.0,1005.0,0.0,295.6,1.172,-100.0,2.375,-0.1336,273.2,40.7,-73.93,AWRF
9,2021-07-30 09:00:00,D,55.61,154.4,0.2741,0.2,13.8,607.9,2.593,0.0,1005.0,0.0,295.5,1.173,-100.0,2.552,-0.4558,280.1,40.7,-73.93,AWRF
10,2021-07-30 10:00:00,D,55.91,114.5,0.2402,0.2,13.81,492.6,2.404,1.769,1006.0,0.0,295.4,1.174,-100.0,2.321,-0.628,285.1,40.7,-73.93,AWRF
11,2021-07-30 11:00:00,D,82.56,266.4,0.3052,0.2,13.81,1042.0,2.47,109.3,1007.0,0.0,295.8,1.175,-100.0,2.194,-1.135,297.4,40.7,-73.93,AWRF
12,2021-07-30 12:00:00,C,168.2,673.5,0.4465,0.2,13.79,1791.0,3.217,298.7,1008.0,0.0,296.4,1.175,-100.0,2.404,-2.138,311.7,40.7,-73.93,AWRF
13,2021-07-30 13:00:00,B,342.3,1017.0,0.5362,0.2,13.78,4566.0,3.635,490.7,1008.0,0.0,297.4,1.172,-100.0,2.567,-2.574,315.1,40.7,-73.93,AWRF
14,2021-07-30 14:00:00,A,692.5,1462.0,0.6596,0.2,13.76,10200.0,4.394,667.3,1008.0,0.0,298.7,1.167,-100.0,3.134,-3.08,314.5,40.7,-73.93,AWRF
15,2021-07-30 15:00:00,A,903.7,1925.0,0.7706,0.2,13.74,15110.0,5.043,810.9,1009.0,0.0,299.9,1.163,-100.0,3.756,-3.365,311.9,40.7,-73.93,AWRF
16,2021-07-30 16:00:00,A,1215.0,2156.0,0.8126,0.2,13.73,20640.0,5.206,900.6,1008.0,0.0,300.6,1.16,-100.0,4.009,-3.321,309.6,40.7,-73.93,AWRF
17,2021-07-30 17:00:00,A,1835.0,1884.0,0.808,0.2,13.73,20600.0,5.534,567.7,1008.0,0.0,301.3,1.156,-100.0,4.437,-3.307,306.7,40.7,-73.93,AWRF
18,2021-07-30 18:00:00,A,1547.0,2311.0,0.8892,0.2,13.71,22740.0,6.022,826.1,1007.0,0.0,302.1,1.154,-100.0,4.9,-3.501,305.5,40.7,-73.93,AWRF
19,2021-07-30 19:00:00,A,1412.0,1821.0,0.8312,0.2,13.71,13710.0,6.1,463.9,1008.0,0.0,302.0,1.154,-100.0,4.894,-3.641,306.6,40.7,-73.93,AWRF
20,2021-07-30 20:00:00,A,1884.0,1726.0,0.8233,0.2,13.71,14520.0,6.188,366.7,1007.0,0.0,301.8,1.154,-100.0,4.739,-3.979,310.0,40.7,-73.93,AWRF
21,2021-07-30 21:00:00,A,1929.0,1860.0,0.882,0.2,13.7,13540.0,7.021,286.7,1006.0,0.0,301.5,1.156,-100.0,5.101,-4.824,313.4,40.7,-73.93,AWRF
22,2021-07-30 22:00:00,A,1799.0,1576.0,0.8185,0.2,13.72,9760.0,6.36,185.6,1008.0,0.0,300.9,1.159,-100.0,4.686,-4.299,312.5,40.7,-73.93,AWRF
