date,wrf kmixd=0,wrf kmixd=1
2022-05-01 00:00:00,486.6,687.1
2022-05-01 01:00:00,197.2,306.2
2022-05-01 02:00:00,134.3,129.7
2022-05-01 03:00:00,73.81,129.2
2022-05-01 04:00:00,71.56,101.5
2022-05-01 05:00:00,67.22,82.84
2022-05-01 06:00:00,66.37,82.6
2022-05-01 07:00:00,60.45,69.82
2022-05-01 08:00:00,59.0,69.76
2022-05-01 09:00:00,52.77,66.14
2022-05-01 10:00:00,52.7,70.03
2022-05-01 11:00:00,52.31,84.62
2022-05-01 12:00:00,128.5,189.0
2022-05-01 13:00:00,214.6,284.1
2022-05-01 14:00:00,371.0,432.0
2022-05-01 15:00:00,576.7,621.3
2022-05-01 16:00:00,697.3,787.4
2022-05-01 17:00:00,837.4,969.8
2022-05-01 18:00:00,804.4,936.8
2022-05-01 19:00:00,726.7,935.1
2022-05-01 20:00:00,643.2,820.7
2022-05-01 21:00:00,445.3,597.8
2022-05-01 22:00:00,397.3,531.2
2022-05-01 23:00:00,380.4,565.6
2022-05-02 00:00:00,242.8,394.9
2022-05-02 01:00:00,233.8,308.7
2022-05-02 02:00:00,171.0,276.1
2022-05-02 03:00:00,130.4,183.6
2022-05-02 04:00:00,106.7,151.0
2022-05-02 05:00:00,58.71,128.9
2022-05-02 06:00:00,58.83,81.33
2022-05-02 07:00:00,57.03,94.08
2022-05-02 08:00:00,51.17,82.76
2022-05-02 09:00:00,51.77,70.14
2022-05-02 10:00:00,50.02,90.4
2022-05-02 11:00:00,52.81,177.5
2022-05-02 12:00:00,160.6,210.8
2022-05-02 13:00:00,217.6,291.5
2022-05-02 14:00:00,314.3,352.3
2022-05-02 15:00:00,497.7,639.2
2022-05-02 16:00:00,789.7,992.9
2022-05-02 17:00:00,1129.0,1267.0
2022-05-02 18:00:00,1513.0,1888.0
2022-05-02 19:00:00,1643.0,2029.0
2022-05-02 20:00:00,1610.0,2162.0
2022-05-02 21:00:00,1322.0,2224.0
2022-05-02 22:00:00,1196.0,2131.0
2022-05-02 23:00:00,882.2,1705.0
2022-05-03 00:00:00,499.8,755.7
2022-05-03 01:00:00,87.92,201.1
2022-05-03 02:00:00,51.19,80.9
2022-05-03 03:00:00,52.79,69.82
2022-05-03 04:00:00,62.12,69.82
2022-05-03 05:00:00,55.12,69.82
2022-05-03 06:00:00,58.22,69.82
2022-05-03 07:00:00,50.0,69.82
2022-05-03 08:00:00,50.21,69.82
2022-05-03 09:00:00,63.02,70.14
2022-05-03 10:00:00,87.3,90.88
2022-05-03 11:00:00,52.26,211.1
2022-05-03 12:00:00,187.2,309.2
2022-05-03 13:00:00,274.2,311.2
2022-05-03 14:00:00,461.4,430.6
2022-05-03 15:00:00,576.0,531.7
2022-05-03 16:00:00,633.0,601.2
2022-05-03 17:00:00,728.3,730.3
2022-05-03 18:00:00,706.8,859.4
2022-05-03 19:00:00,640.6,907.6
2022-05-03 20:00:00,820.0,907.6
2022-05-03 21:00:00,727.9,905.9
2022-05-03 22:00:00,699.7,800.0
2022-05-03 23:00:00,541.9,633.9
2022-05-04 00:00:00,399.1,567.3
2022-05-04 01:00:00,329.4,496.8
2022-05-04 02:00:00,287.7,428.3
2022-05-04 03:00:00,272.5,390.6
2022-05-04 04:00:00,242.0,332.2
2022-05-04 05:00:00,210.0,331.1
2022-05-04 06:00:00,209.1,277.6
2022-05-04 07:00:00,178.1,277.6
2022-05-04 08:00:00,183.9,277.1
2022-05-04 09:00:00,164.0,250.0
2022-05-04 10:00:00,171.0,228.4
2022-05-04 11:00:00,145.0,228.4
2022-05-04 12:00:00,186.1,228.7
2022-05-04 13:00:00,188.0,251.1
2022-05-04 14:00:00,212.8,311.2
2022-05-04 15:00:00,382.6,430.1
2022-05-04 16:00:00,466.2,502.1
2022-05-04 17:00:00,684.1,651.9
2022-05-04 18:00:00,562.3,803.2
2022-05-04 19:00:00,672.3,950.4
2022-05-04 20:00:00,925.3,1271.0
2022-05-04 21:00:00,668.9,1533.0
2022-05-04 22:00:00,765.2,1238.0
2022-05-04 23:00:00,584.7,1090.0
2022-05-05 00:00:00,225.9,479.7
2022-05-05 01:00:00,80.34,129.9
2022-05-05 02:00:00,73.79,149.9
2022-05-05 03:00:00,73.61,468.3
2022-05-05 04:00:00,64.98,540.7
2022-05-05 05:00:00,80.32,425.3
2022-05-05 06:00:00,66.09,211.9
2022-05-05 07:00:00,77.47,202.3
2022-05-05 08:00:00,78.85,201.3
2022-05-05 09:00:00,75.58,147.3
2022-05-05 10:00:00,78.76,189.5
2022-05-05 11:00:00,102.2,399.2
2022-05-05 12:00:00,235.5,571.2
2022-05-05 13:00:00,409.3,731.1
2022-05-05 14:00:00,714.5,910.1
2022-05-05 15:00:00,946.3,1055.0
2022-05-05 16:00:00,769.8,1199.0
2022-05-05 17:00:00,879.2,1326.0
2022-05-05 18:00:00,903.2,1267.0
2022-05-05 19:00:00,909.4,1268.0
2022-05-05 20:00:00,1029.0,1324.0
2022-05-05 21:00:00,977.5,1197.0
2022-05-05 22:00:00,868.3,1197.0
2022-05-05 23:00:00,725.2,1191.0
2022-05-06 00:00:00,499.8,883.9
2022-05-06 01:00:00,339.9,597.9
2022-05-06 02:00:00,163.0,537.6
2022-05-06 03:00:00,88.98,273.5
2022-05-06 04:00:00,67.24,185.3
2022-05-06 05:00:00,53.63,163.1
2022-05-06 06:00:00,60.25,128.1
2022-05-06 07:00:00,51.62,109.5
2022-05-06 08:00:00,50.0,109.4
2022-05-06 09:00:00,50.0,110.2
2022-05-06 10:00:00,50.0,162.9
2022-05-06 11:00:00,51.4,205.3
2022-05-06 12:00:00,135.0,332.1
2022-05-06 13:00:00,188.1,333.7
2022-05-06 14:00:00,302.8,429.3
2022-05-06 15:00:00,216.9,457.6
2022-05-06 16:00:00,511.1,569.8
2022-05-06 17:00:00,572.1,647.5
2022-05-06 18:00:00,388.1,653.9
2022-05-06 19:00:00,518.5,653.6
2022-05-06 20:00:00,372.7,625.6
2022-05-06 21:00:00,347.0,504.3
2022-05-06 22:00:00,340.1,503.7
2022-05-06 23:00:00,380.5,459.6
2022-05-07 00:00:00,199.4,428.9
2022-05-07 01:00:00,167.5,428.3
2022-05-07 02:00:00,156.3,389.7
2022-05-07 03:00:00,194.2,309.2
2022-05-07 04:00:00,253.7,309.2
2022-05-07 05:00:00,264.0,309.2
2022-05-07 06:00:00,188.7,309.2
2022-05-07 07:00:00,180.5,309.7
2022-05-07 08:00:00,228.0,342.5
2022-05-07 09:00:00,244.9,428.9
2022-05-07 10:00:00,309.5,429.8
2022-05-07 11:00:00,362.6,487.9
2022-05-07 12:00:00,456.1,568.5
2022-05-07 13:00:00,194.8,569.6
2022-05-07 14:00:00,326.3,634.1
2022-05-07 15:00:00,468.6,635.8
2022-05-07 16:00:00,232.4,728.1
2022-05-07 17:00:00,238.5,728.1
2022-05-07 18:00:00,296.0,728.7
2022-05-07 19:00:00,292.0,762.4
2022-05-07 20:00:00,267.2,809.9
2022-05-07 21:00:00,266.3,848.9
2022-05-07 22:00:00,367.4,801.8
2022-05-07 23:00:00,241.4,785.0
2022-05-08 00:00:00,152.6,728.1
2022-05-08 01:00:00,230.1,729.1
2022-05-08 02:00:00,218.1,784.4
2022-05-08 03:00:00,207.5,685.5
2022-05-08 04:00:00,319.5,686.4
2022-05-08 05:00:00,216.7,727.6
2022-05-08 06:00:00,236.4,697.3
2022-05-08 07:00:00,236.7,620.8
2022-05-08 08:00:00,280.8,654.3
2022-05-08 09:00:00,248.4,569.4
2022-05-08 10:00:00,277.9,622.0
2022-05-08 11:00:00,345.5,728.1
2022-05-08 12:00:00,276.5,728.1
2022-05-08 13:00:00,384.8,730.4
2022-05-08 14:00:00,604.6,868.1
2022-05-08 15:00:00,692.2,907.6
2022-05-08 16:00:00,885.9,911.0
2022-05-08 17:00:00,819.3,1107.0
2022-05-08 18:00:00,939.9,1107.0
2022-05-08 19:00:00,1032.0,1108.0
2022-05-08 20:00:00,1044.0,1165.0
2022-05-08 21:00:00,1010.0,1107.0
2022-05-08 22:00:00,1010.0,1108.0
2022-05-09 00:00:00,647.3,1056.0
2022-05-09 01:00:00,398.4,670.1
2022-05-09 02:00:00,173.9,279.8
2022-05-09 03:00:00,112.9,154.1
2022-05-09 04:00:00,70.81,88.96
2022-05-09 05:00:00,65.88,88.65
2022-05-09 06:00:00,61.91,69.82
2022-05-09 07:00:00,59.03,69.82
2022-05-09 08:00:00,50.0,69.82
2022-05-09 09:00:00,50.04,69.82
2022-05-09 10:00:00,52.6,69.82
2022-05-09 11:00:00,50.72,71.18
2022-05-09 12:00:00,95.72,155.9
2022-05-09 13:00:00,236.0,430.7
2022-05-09 14:00:00,552.8,909.5
2022-05-09 15:00:00,892.2,1018.0
2022-05-09 16:00:00,1007.0,1108.0
2022-05-09 17:00:00,1112.0,1160.0
2022-05-09 18:00:00,1259.0,1380.0
2022-05-09 19:00:00,1301.0,1425.0
2022-05-09 20:00:00,1319.0,1488.0
2022-05-09 21:00:00,1306.0,1424.0
2022-05-09 22:00:00,1132.0,1423.0
2022-05-09 23:00:00,1094.0,1319.0
2022-05-10 00:00:00,398.9,869.4
2022-05-10 01:00:00,117.0,182.4
2022-05-10 02:00:00,74.95,88.63
2022-05-10 03:00:00,76.48,69.82
2022-05-10 04:00:00,58.54,69.82
2022-05-10 05:00:00,50.06,69.76
2022-05-10 06:00:00,53.74,66.06
2022-05-10 07:00:00,50.02,61.69
2022-05-10 08:00:00,51.37,56.37
2022-05-10 09:00:00,50.09,56.28
2022-05-10 10:00:00,55.41,50.07
2022-05-10 11:00:00,50.18,55.01
2022-05-10 12:00:00,63.2,102.0
2022-05-10 13:00:00,216.2,571.2
2022-05-10 14:00:00,635.4,730.3
2022-05-10 15:00:00,766.6,861.6
2022-05-10 16:00:00,839.3,990.9
2022-05-10 17:00:00,1074.0,1112.0
2022-05-10 18:00:00,1214.0,1380.0
2022-05-10 19:00:00,1148.0,1425.0
2022-05-10 20:00:00,1237.0,1488.0
2022-05-10 21:00:00,1142.0,1425.0
2022-05-10 22:00:00,1068.0,1425.0
2022-05-10 23:00:00,1030.0,1422.0
2022-05-11 00:00:00,887.4,1206.0
2022-05-11 01:00:00,259.5,1047.0
2022-05-11 02:00:00,64.37,110.9
2022-05-11 03:00:00,50.11,69.82
2022-05-11 04:00:00,56.59,69.82
2022-05-11 05:00:00,50.21,69.82
2022-05-11 06:00:00,62.83,69.82
2022-05-11 07:00:00,62.6,69.82
2022-05-11 08:00:00,60.97,69.82
2022-05-11 09:00:00,55.74,69.76
2022-05-11 10:00:00,53.32,66.18
2022-05-11 11:00:00,51.91,72.15
2022-05-11 12:00:00,91.57,212.3
2022-05-11 13:00:00,230.8,386.0
2022-05-11 14:00:00,538.8,731.8
2022-05-11 15:00:00,810.6,955.3
2022-05-11 16:00:00,922.5,1135.0
2022-05-11 17:00:00,1112.0,1259.0
2022-05-11 18:00:00,1202.0,1427.0
2022-05-11 19:00:00,1182.0,1529.0
2022-05-11 20:00:00,1205.0,1353.0
2022-05-11 21:00:00,889.8,1229.0
2022-05-11 22:00:00,847.2,1023.0
2022-05-11 23:00:00,705.1,971.5
2022-05-12 00:00:00,418.8,784.8
2022-05-12 01:00:00,237.4,521.3
2022-05-12 02:00:00,139.2,343.6
2022-05-12 03:00:00,93.59,129.7
2022-05-12 04:00:00,80.37,129.7
2022-05-12 05:00:00,79.84,129.0
2022-05-12 06:00:00,69.87,88.92
2022-05-12 07:00:00,58.61,88.93
2022-05-12 08:00:00,69.03,88.63
2022-05-12 09:00:00,57.43,69.82
2022-05-12 10:00:00,55.98,71.6
2022-05-12 11:00:00,54.34,179.2
2022-05-12 12:00:00,209.2,310.0
2022-05-12 13:00:00,326.6,360.3
2022-05-12 14:00:00,486.3,489.3
2022-05-12 15:00:00,570.4,679.2
2022-05-12 16:00:00,589.8,804.4
2022-05-12 17:00:00,804.2,946.9
2022-05-12 18:00:00,656.4,1032.0
2022-05-12 19:00:00,830.5,1081.0
2022-05-12 20:00:00,798.3,1086.0
2022-05-12 21:00:00,713.2,1079.0
2022-05-12 22:00:00,714.5,987.6
2022-05-12 23:00:00,486.9,836.7
2022-05-13 00:00:00,295.1,622.8
2022-05-13 01:00:00,241.8,522.6
2022-05-13 02:00:00,240.5,416.6
2022-05-13 03:00:00,125.4,358.4
2022-05-13 04:00:00,189.7,358.5
2022-05-13 05:00:00,156.6,358.5
2022-05-13 06:00:00,155.1,357.6
2022-05-13 07:00:00,153.2,308.2
2022-05-13 08:00:00,106.3,249.7
2022-05-13 09:00:00,66.27,209.5
2022-05-13 10:00:00,73.63,209.5
2022-05-13 11:00:00,81.93,211.0
2022-05-13 12:00:00,170.7,305.6
2022-05-13 13:00:00,252.1,360.6
2022-05-13 14:00:00,487.1,489.1
2022-05-13 15:00:00,426.3,634.5
2022-05-13 16:00:00,540.9,637.3
2022-05-13 17:00:00,431.1,802.4
2022-05-13 18:00:00,500.0,804.8
2022-05-13 19:00:00,590.4,952.6
2022-05-13 20:00:00,706.3,991.7
2022-05-13 21:00:00,781.1,1080.0
2022-05-13 22:00:00,721.8,1041.0
2022-05-13 23:00:00,488.9,838.0
2022-05-14 00:00:00,259.9,674.7
2022-05-14 01:00:00,80.5,485.2
2022-05-14 02:00:00,54.47,427.7
2022-05-14 03:00:00,50.0,358.0
2022-05-14 04:00:00,50.0,335.2
2022-05-14 05:00:00,50.0,309.2
2022-05-14 06:00:00,50.0,307.9
2022-05-14 07:00:00,50.0,231.1
2022-05-14 08:00:00,50.0,209.8
2022-05-14 09:00:00,50.0,231.1
2022-05-14 10:00:00,50.0,209.5
2022-05-14 11:00:00,50.72,210.7
2022-05-14 12:00:00,94.73,283.3
2022-05-14 13:00:00,184.7,361.8
2022-05-14 14:00:00,405.6,571.0
2022-05-14 15:00:00,626.6,721.4
2022-05-14 16:00:00,311.8,889.0
2022-05-14 17:00:00,683.9,909.9
2022-05-14 18:00:00,565.4,1044.0
2022-05-14 19:00:00,657.0,1053.0
2022-05-14 20:00:00,819.8,1091.0
2022-05-14 21:00:00,584.1,989.8
2022-05-14 22:00:00,365.9,986.5
2022-05-14 23:00:00,542.8,799.1
2022-05-15 00:00:00,193.9,631.5
2022-05-15 01:00:00,103.9,483.0
2022-05-15 02:00:00,60.48,306.9
2022-05-15 03:00:00,53.02,170.1
2022-05-15 04:00:00,54.2,169.7
2022-05-15 05:00:00,54.16,152.1
2022-05-15 06:00:00,50.0,176.9
2022-05-15 07:00:00,50.0,176.5
2022-05-15 08:00:00,50.0,151.7
2022-05-15 09:00:00,50.0,151.8
2022-05-15 10:00:00,50.0,152.8
2022-05-15 11:00:00,51.8,210.8
2022-05-15 12:00:00,160.2,287.9
2022-05-15 13:00:00,289.8,311.2
2022-05-15 14:00:00,463.7,432.6
2022-05-15 15:00:00,504.4,652.7
2022-05-15 16:00:00,580.2,854.9
2022-05-15 17:00:00,850.4,1112.0
2022-05-15 18:00:00,1084.0,1424.0
2022-05-15 19:00:00,906.2,1550.0
2022-05-15 20:00:00,739.6,1605.0
2022-05-15 21:00:00,959.7,1601.0
2022-05-15 22:00:00,639.4,1368.0
2022-05-15 23:00:00,540.6,978.5
2022-05-16 00:00:00,278.2,367.7
2022-05-16 01:00:00,171.2,240.0
2022-05-16 02:00:00,150.9,176.4
2022-05-16 03:00:00,122.4,151.2
2022-05-16 04:00:00,99.43,126.9
2022-05-16 05:00:00,90.36,107.9
2022-05-16 06:00:00,64.76,86.34
2022-05-16 07:00:00,81.99,86.32
2022-05-16 08:00:00,77.5,86.26
2022-05-16 09:00:00,77.42,86.43
2022-05-16 10:00:00,78.08,97.77
2022-05-16 11:00:00,78.46,112.3
2022-05-16 12:00:00,105.1,211.1
2022-05-16 13:00:00,216.0,311.2
2022-05-16 14:00:00,408.0,431.7
2022-05-16 15:00:00,589.3,601.9
2022-05-16 16:00:00,397.8,785.0
2022-05-16 17:00:00,927.0,1180.0
2022-05-16 18:00:00,703.0,1328.0
2022-05-16 19:00:00,719.1,1406.0
2022-05-16 20:00:00,904.3,1560.0
2022-05-16 21:00:00,863.0,1199.0
2022-05-16 22:00:00,789.8,1244.0
2022-05-17 00:00:00,407.3,1126.0
2022-05-17 01:00:00,101.4,958.2
2022-05-17 02:00:00,82.31,268.3
2022-05-17 03:00:00,50.03,80.8
2022-05-17 04:00:00,51.69,69.82
2022-05-17 05:00:00,51.68,69.71
2022-05-17 06:00:00,51.68,63.47
2022-05-17 07:00:00,51.66,63.47
2022-05-17 08:00:00,51.65,63.42
2022-05-17 09:00:00,52.53,59.87
2022-05-17 10:00:00,56.07,65.63
2022-05-17 11:00:00,51.79,70.6
2022-05-17 12:00:00,96.3,119.2
2022-05-17 13:00:00,148.6,288.8
2022-05-17 14:00:00,540.5,2021.0
2022-05-17 15:00:00,2231.0,2409.0
2022-05-17 16:00:00,2106.0,2723.0
2022-05-17 17:00:00,2300.0,2723.0
2022-05-17 18:00:00,2174.0,2723.0
2022-05-17 19:00:00,2498.0,2726.0
2022-05-17 20:00:00,2965.0,2933.0
2022-05-17 21:00:00,2776.0,3062.0
2022-05-17 22:00:00,2759.0,3056.0
2022-05-17 23:00:00,1288.0,2702.0
2022-05-18 00:00:00,70.52,1465.0
2022-05-18 01:00:00,89.1,271.7
2022-05-18 02:00:00,91.53,110.0
2022-05-18 03:00:00,74.21,93.75
2022-05-18 04:00:00,69.01,83.67
2022-05-18 05:00:00,110.1,128.9
2022-05-18 06:00:00,62.48,82.89
2022-05-18 07:00:00,51.28,82.67
2022-05-18 08:00:00,50.06,69.82
2022-05-18 09:00:00,53.33,69.82
2022-05-18 10:00:00,52.51,70.0
2022-05-18 11:00:00,59.98,86.5
2022-05-18 12:00:00,124.5,421.5
2022-05-18 13:00:00,379.3,869.1
2022-05-18 14:00:00,779.7,911.0
2022-05-18 15:00:00,1049.0,1109.0
2022-05-18 16:00:00,1092.0,1218.0
2022-05-18 17:00:00,1253.0,1395.0
2022-05-18 18:00:00,1357.0,1515.0
2022-05-18 19:00:00,1409.0,1569.0
2022-05-18 20:00:00,1637.0,1718.0
2022-05-18 21:00:00,1380.0,1510.0
2022-05-18 22:00:00,1048.0,1276.0
2022-05-18 23:00:00,938.5,1101.0
2022-05-19 00:00:00,550.5,757.2
2022-05-19 01:00:00,247.4,452.2
2022-05-19 02:00:00,146.8,254.7
2022-05-19 03:00:00,86.38,183.4
2022-05-19 04:00:00,71.49,129.7
2022-05-19 05:00:00,59.06,129.7
2022-05-19 06:00:00,63.0,129.7
2022-05-19 07:00:00,55.52,129.7
2022-05-19 08:00:00,50.08,129.4
2022-05-19 09:00:00,54.94,113.5
2022-05-19 10:00:00,50.61,130.7
2022-05-19 11:00:00,87.99,193.7
2022-05-19 12:00:00,159.0,287.9
2022-05-19 13:00:00,242.4,312.6
2022-05-19 14:00:00,419.9,520.9
2022-05-19 15:00:00,644.6,1018.0
2022-05-19 16:00:00,966.4,1232.0
2022-05-19 17:00:00,1247.0,1609.0
2022-05-19 18:00:00,1287.0,1781.0
2022-05-19 19:00:00,1122.0,1995.0
2022-05-19 20:00:00,1441.0,2046.0
2022-05-19 21:00:00,1827.0,2105.0
2022-05-19 22:00:00,1797.0,2103.0
2022-05-19 23:00:00,1323.0,1975.0
2022-05-20 00:00:00,226.4,851.0
2022-05-20 01:00:00,80.49,153.7
2022-05-20 02:00:00,60.52,69.82
2022-05-20 03:00:00,64.3,69.82
2022-05-20 04:00:00,63.91,69.82
2022-05-20 05:00:00,54.63,69.76
2022-05-20 06:00:00,51.38,65.98
2022-05-20 07:00:00,58.06,59.78
2022-05-20 08:00:00,50.0,59.78
2022-05-20 09:00:00,50.0,59.71
2022-05-20 10:00:00,50.0,55.71
2022-05-20 11:00:00,50.72,70.41
2022-05-20 12:00:00,94.61,106.1
2022-05-20 13:00:00,166.6,157.9
2022-05-20 14:00:00,273.2,336.4
2022-05-20 15:00:00,489.2,601.8
2022-05-20 16:00:00,670.4,766.7
2022-05-20 17:00:00,902.2,1010.0
2022-05-20 18:00:00,917.0,1107.0
2022-05-20 19:00:00,986.1,1154.0
2022-05-20 20:00:00,1109.0,1424.0
2022-05-20 21:00:00,870.1,1438.0
2022-05-20 22:00:00,814.8,1434.0
2022-05-20 23:00:00,619.6,1249.0
2022-05-21 00:00:00,96.37,285.2
2022-05-21 01:00:00,122.4,144.7
2022-05-21 02:00:00,121.3,129.1
2022-05-21 03:00:00,108.8,97.84
2022-05-21 04:00:00,125.6,86.82
2022-05-21 05:00:00,113.8,99.19
2022-05-21 06:00:00,107.2,86.26
2022-05-21 07:00:00,94.3,66.08
2022-05-21 08:00:00,78.83,65.99
2022-05-21 09:00:00,59.82,60.48
2022-05-21 10:00:00,56.06,56.39
2022-05-21 11:00:00,56.86,62.42
2022-05-21 12:00:00,97.81,172.9
2022-05-21 13:00:00,190.5,213.1
2022-05-21 14:00:00,290.8,435.1
2022-05-21 15:00:00,578.7,803.3
2022-05-21 16:00:00,851.1,950.7
2022-05-21 17:00:00,1159.0,1269.0
2022-05-21 18:00:00,1328.0,1449.0
2022-05-21 19:00:00,1378.0,1552.0
2022-05-21 20:00:00,1427.0,1753.0
2022-05-21 21:00:00,1148.0,1723.0
2022-05-21 22:00:00,1109.0,1604.0
2022-05-21 23:00:00,1138.0,1543.0
2022-05-22 00:00:00,230.9,1179.0
2022-05-22 01:00:00,65.74,166.0
2022-05-22 02:00:00,88.37,110.9
2022-05-22 03:00:00,106.1,113.2
2022-05-22 04:00:00,149.7,129.7
2022-05-22 05:00:00,158.7,129.7
2022-05-22 06:00:00,144.0,129.7
2022-05-22 07:00:00,120.7,129.3
2022-05-22 08:00:00,78.17,105.2
2022-05-22 09:00:00,85.05,88.76
2022-05-22 10:00:00,81.12,89.45
2022-05-22 11:00:00,58.65,131.0
2022-05-22 12:00:00,167.8,211.1
2022-05-22 13:00:00,247.0,311.9
2022-05-22 14:00:00,415.9,476.6
2022-05-22 15:00:00,510.2,689.4
2022-05-22 16:00:00,764.0,1057.0
2022-05-22 17:00:00,1213.0,1451.0
2022-05-22 18:00:00,1161.0,1669.0
2022-05-22 19:00:00,1211.0,1726.0
2022-05-22 20:00:00,1121.0,1881.0
2022-05-22 21:00:00,959.2,1669.0
2022-05-22 22:00:00,1070.0,1615.0
2022-05-22 23:00:00,782.1,1252.0
2022-05-23 00:00:00,335.6,498.3
2022-05-23 01:00:00,247.2,415.1
2022-05-23 02:00:00,300.0,586.4
2022-05-23 03:00:00,304.1,552.8
2022-05-23 04:00:00,350.7,568.5
2022-05-23 05:00:00,473.0,568.5
2022-05-23 06:00:00,390.3,568.5
2022-05-23 07:00:00,328.8,567.6
2022-05-23 08:00:00,188.3,511.1
2022-05-23 09:00:00,131.4,428.9
2022-05-23 10:00:00,130.2,429.3
2022-05-23 11:00:00,262.6,456.4
2022-05-23 12:00:00,406.3,569.6
2022-05-23 13:00:00,536.2,634.8
2022-05-23 14:00:00,699.6,731.1
2022-05-23 15:00:00,892.3,909.0
2022-05-23 16:00:00,1024.0,990.4
2022-05-23 17:00:00,1185.0,1111.0
2022-05-23 18:00:00,1236.0,1327.0
2022-05-23 19:00:00,1275.0,1329.0
2022-05-23 20:00:00,1269.0,1442.0
2022-05-23 21:00:00,1074.0,1326.0
2022-05-23 22:00:00,1124.0,1283.0
2022-05-23 23:00:00,994.1,1104.0
2022-05-24 00:00:00,773.1,904.7
2022-05-24 01:00:00,568.8,727.0
2022-05-24 02:00:00,447.8,661.5
2022-05-24 03:00:00,362.7,542.2
2022-05-24 04:00:00,369.4,511.3
2022-05-24 05:00:00,329.7,472.9
2022-05-24 06:00:00,251.0,406.3
2022-05-24 07:00:00,209.6,380.2
2022-05-24 08:00:00,206.8,378.8
2022-05-24 09:00:00,202.3,309.2
2022-05-24 10:00:00,181.7,310.4
2022-05-24 11:00:00,230.3,380.6
2022-05-24 12:00:00,226.5,430.1
2022-05-24 13:00:00,298.7,505.6
2022-05-24 14:00:00,405.4,568.5
2022-05-24 15:00:00,306.5,570.7
2022-05-24 16:00:00,438.0,698.4
2022-05-24 17:00:00,372.0,728.7
2022-05-24 18:00:00,431.2,762.4
2022-05-24 19:00:00,441.5,768.8
2022-05-24 20:00:00,430.4,801.9
2022-05-24 21:00:00,506.8,761.7
2022-05-24 22:00:00,543.0,728.1
2022-05-25 00:00:00,553.1,727.5
2022-05-25 01:00:00,484.7,691.0
2022-05-25 02:00:00,337.3,609.3
2022-05-25 03:00:00,187.0,472.6
2022-05-25 04:00:00,125.5,428.9
2022-05-25 05:00:00,60.78,426.5
2022-05-25 06:00:00,60.86,285.6
2022-05-25 07:00:00,65.51,224.8
2022-05-25 08:00:00,66.22,203.1
2022-05-25 09:00:00,61.26,113.8
2022-05-25 10:00:00,59.81,141.7
2022-05-25 11:00:00,54.83,313.0
2022-05-25 12:00:00,256.1,539.3
2022-05-25 13:00:00,446.3,645.7
2022-05-25 14:00:00,684.4,869.8
2022-05-25 15:00:00,571.0,1001.0
2022-05-25 16:00:00,743.9,1109.0
2022-05-25 17:00:00,645.8,1209.0
2022-05-25 18:00:00,922.3,1258.0
2022-05-25 19:00:00,902.3,1257.0
2022-05-25 20:00:00,941.8,1208.0
2022-05-25 21:00:00,989.9,1148.0
2022-05-25 22:00:00,988.3,1044.0
2022-05-25 23:00:00,887.0,998.5
2022-05-26 00:00:00,676.4,905.4
2022-05-26 01:00:00,577.3,776.1
2022-05-26 02:00:00,324.0,726.0
2022-05-26 03:00:00,255.0,601.7
2022-05-26 04:00:00,150.0,485.7
2022-05-26 05:00:00,50.14,459.0
2022-05-26 06:00:00,58.17,428.9
2022-05-26 07:00:00,53.91,427.3
2022-05-26 08:00:00,59.32,335.5
2022-05-26 09:00:00,59.31,335.1
2022-05-26 10:00:00,61.08,310.0
2022-05-26 11:00:00,166.3,359.5
2022-05-26 12:00:00,234.8,429.3
2022-05-26 13:00:00,347.7,457.5
2022-05-26 14:00:00,496.4,570.4
2022-05-26 15:00:00,536.5,684.4
2022-05-26 16:00:00,477.7,685.1
2022-05-26 17:00:00,510.7,730.3
2022-05-26 18:00:00,568.5,857.3
2022-05-26 19:00:00,571.3,801.4
2022-05-26 20:00:00,519.0,766.1
2022-05-26 21:00:00,490.4,683.5
2022-05-26 22:00:00,521.4,633.8
2022-05-26 23:00:00,404.3,598.8
2022-05-27 00:00:00,220.1,568.5
2022-05-27 01:00:00,174.2,564.6
2022-05-27 02:00:00,152.9,330.5
2022-05-27 03:00:00,109.0,228.2
2022-05-27 04:00:00,114.1,208.4
2022-05-27 05:00:00,85.25,144.9
2022-05-27 06:00:00,75.66,144.7
2022-05-27 07:00:00,71.51,129.7
2022-05-27 08:00:00,69.71,129.7
2022-05-27 09:00:00,76.2,129.7
2022-05-27 10:00:00,99.36,131.0
2022-05-27 11:00:00,118.0,210.1
2022-05-27 12:00:00,96.94,253.8
2022-05-27 13:00:00,211.6,459.9
2022-05-27 14:00:00,484.2,860.9
2022-05-27 15:00:00,404.3,1051.0
2022-05-27 16:00:00,334.0,1050.0
2022-05-27 17:00:00,624.0,962.7
2022-05-27 18:00:00,285.1,526.4
2022-05-27 19:00:00,535.8,638.3
2022-05-27 20:00:00,649.2,905.1
2022-05-27 21:00:00,456.8,758.3
2022-05-27 22:00:00,491.7,817.7
2022-05-27 23:00:00,294.3,756.7
2022-05-28 00:00:00,172.9,713.7
2022-05-28 01:00:00,77.95,424.1
2022-05-28 02:00:00,82.76,143.8
2022-05-28 03:00:00,50.0,80.92
2022-05-28 04:00:00,50.03,69.82
2022-05-28 05:00:00,51.83,69.82
2022-05-28 06:00:00,50.14,69.82
2022-05-28 07:00:00,58.6,69.82
2022-05-28 08:00:00,58.56,69.82
2022-05-28 09:00:00,58.15,69.82
2022-05-28 10:00:00,60.78,70.82
2022-05-28 11:00:00,54.86,135.0
2022-05-28 12:00:00,152.7,461.7
2022-05-28 13:00:00,420.6,1055.0
2022-05-28 14:00:00,932.6,1231.0
2022-05-28 15:00:00,856.3,1568.0
2022-05-28 16:00:00,1063.0,1708.0
2022-05-28 17:00:00,1424.0,1819.0
2022-05-28 18:00:00,1287.0,1871.0
2022-05-28 19:00:00,1212.0,1994.0
2022-05-28 20:00:00,1121.0,1991.0
2022-05-28 21:00:00,1223.0,1824.0
2022-05-28 22:00:00,1114.0,1719.0
2022-05-28 23:00:00,1147.0,1537.0
2022-05-29 00:00:00,679.7,1143.0
2022-05-29 01:00:00,169.7,825.8
2022-05-29 02:00:00,74.34,128.9
2022-05-29 03:00:00,61.16,86.05
2022-05-29 04:00:00,50.0,69.82
2022-05-29 05:00:00,50.0,69.82
2022-05-29 06:00:00,50.05,69.75
2022-05-29 07:00:00,52.8,65.57
2022-05-29 08:00:00,52.83,69.82
2022-05-29 09:00:00,52.85,69.82
2022-05-29 10:00:00,52.56,69.82
2022-05-29 11:00:00,61.86,70.82
2022-05-29 12:00:00,108.4,133.5
2022-05-29 13:00:00,204.0,366.8
2022-05-29 14:00:00,472.8,911.8
2022-05-29 15:00:00,947.4,1158.0
2022-05-29 16:00:00,1132.0,1330.0
2022-05-29 17:00:00,1470.0,1521.0
2022-05-29 18:00:00,1333.0,1514.0
2022-05-29 19:00:00,1422.0,1501.0
2022-05-29 20:00:00,1497.0,1566.0
2022-05-29 21:00:00,1427.0,1565.0
2022-05-29 22:00:00,1391.0,1499.0
2022-05-29 23:00:00,1261.0,1496.0
2022-05-30 00:00:00,877.8,1304.0
2022-05-30 01:00:00,593.9,871.8
2022-05-30 02:00:00,161.9,261.0
2022-05-30 03:00:00,142.5,129.5
2022-05-30 04:00:00,114.7,118.3
2022-05-30 05:00:00,107.7,118.1
2022-05-30 06:00:00,101.3,105.0
2022-05-30 07:00:00,75.57,88.5
2022-05-30 08:00:00,79.76,69.82
2022-05-30 09:00:00,77.18,69.82
2022-05-30 10:00:00,58.2,69.82
2022-05-30 11:00:00,63.15,71.49
2022-05-30 12:00:00,118.6,170.7
2022-05-30 13:00:00,198.9,214.9
2022-05-30 14:00:00,295.7,547.7
2022-05-30 15:00:00,741.4,1110.0
2022-05-30 16:00:00,1001.0,1271.0
2022-05-30 17:00:00,1257.0,1570.0
2022-05-30 18:00:00,1507.0,1797.0
2022-05-30 19:00:00,1386.0,1879.0
2022-05-30 20:00:00,1488.0,1936.0
2022-05-30 21:00:00,1377.0,1805.0
2022-05-30 22:00:00,1409.0,1722.0
2022-05-30 23:00:00,1213.0,1597.0
2022-05-31 00:00:00,630.0,1185.0
2022-05-31 01:00:00,99.15,479.9
2022-05-31 02:00:00,54.99,86.03
2022-05-31 03:00:00,53.46,69.82
2022-05-31 04:00:00,53.28,69.76
2022-05-31 05:00:00,51.98,66.09
2022-05-31 06:00:00,52.01,66.09
2022-05-31 07:00:00,52.0,66.02
2022-05-31 08:00:00,55.45,61.68
2022-05-31 09:00:00,50.06,53.71
2022-05-31 10:00:00,53.66,53.97
2022-05-31 11:00:00,50.88,70.82
2022-05-31 12:00:00,104.6,131.0
2022-05-31 13:00:00,199.3,213.1
2022-05-31 14:00:00,290.9,441.7
2022-05-31 15:00:00,766.2,1204.0
2022-05-31 16:00:00,1259.0,1746.0
2022-05-31 17:00:00,1698.0,2021.0
2022-05-31 18:00:00,1314.0,2392.0
2022-05-31 19:00:00,1426.0,2452.0
2022-05-31 20:00:00,1847.0,2532.0
2022-05-31 21:00:00,1263.0,2529.0
2022-05-31 22:00:00,1164.0,2303.0
